driver_name,year,round,pre_crash_position,standing_drop,final_position,champion_name
Lewis Hamilton,2009,12,,,5,Jenson Button
Lewis Hamilton,2009,13,12.0,7.0,5,Jenson Button
Lewis Hamilton,2008,7,,,1,Lewis Hamilton
Lewis Hamilton,2010,14,,,4,Sebastian Vettel
Lewis Hamilton,2010,15,,,4,Sebastian Vettel
Lewis Hamilton,2011,7,,,5,Sebastian Vettel
Lewis Hamilton,2011,12,,,5,Sebastian Vettel
Lewis Hamilton,2012,8,19.0,15.0,4,Sebastian Vettel
Lewis Hamilton,2012,12,,,4,Sebastian Vettel
Lewis Hamilton,2012,20,,,4,Sebastian Vettel
Lewis Hamilton,2016,5,,,2,Nico Rosberg
Lewis Hamilton,2021,14,,,2,Max Verstappen
Lewis Hamilton,2022,14,,,6,Max Verstappen
Lewis Hamilton,2023,17,,,3,Max Verstappen
Nick Heidfeld,2009,14,,,13,Jenson Button
Nick Heidfeld,2006,10,,,9,Fernando Alonso
Nick Heidfeld,2006,18,17.0,8.0,9,Fernando Alonso
Nick Heidfeld,2002,6,,,10,Michael Schumacher
Nick Heidfeld,2001,7,,,8,Michael Schumacher
Nick Heidfeld,2001,8,,,8,Michael Schumacher
Nick Heidfeld,2001,12,,,8,Michael Schumacher
Nick Heidfeld,2001,14,,,8,Michael Schumacher
Nick Heidfeld,2000,10,,,20,Michael Schumacher
Nick Heidfeld,2000,17,,,20,Michael Schumacher
Nick Heidfeld,2011,7,,,11,Sebastian Vettel
Nick Heidfeld,2011,10,,,11,Sebastian Vettel
Nico Rosberg,2008,6,,,13,Lewis Hamilton
Nico Rosberg,2006,3,,,17,Fernando Alonso
Nico Rosberg,2006,7,,,17,Fernando Alonso
Nico Rosberg,2006,9,,,17,Fernando Alonso
Nico Rosberg,2006,12,,,17,Fernando Alonso
Nico Rosberg,2006,18,,,17,Fernando Alonso
Nico Rosberg,2010,17,,,7,Sebastian Vettel
Nico Rosberg,2011,13,,,7,Sebastian Vettel
Nico Rosberg,2012,15,,,9,Sebastian Vettel
Nico Rosberg,2012,16,,,9,Sebastian Vettel
Nico Rosberg,2012,18,,,9,Sebastian Vettel
Nico Rosberg,2016,5,,,1,Nico Rosberg
Fernando Alonso,2009,16,,,9,Jenson Button
Fernando Alonso,2008,12,,,5,Lewis Hamilton
Fernando Alonso,2007,15,,,3,Kimi Räikkönen
Fernando Alonso,2004,6,,,4,Michael Schumacher
Fernando Alonso,2010,13,,,2,Sebastian Vettel
Fernando Alonso,2011,7,,,4,Sebastian Vettel
Fernando Alonso,2012,12,,,2,Sebastian Vettel
Fernando Alonso,2012,15,,,2,Sebastian Vettel
Fernando Alonso,2013,2,,,2,Sebastian Vettel
Fernando Alonso,2015,8,,,17,Lewis Hamilton
Fernando Alonso,2017,9,,,15,Lewis Hamilton
Fernando Alonso,2017,14,,,15,Lewis Hamilton
Fernando Alonso,2018,13,,,11,Lewis Hamilton
Fernando Alonso,2018,18,,,11,Lewis Hamilton
Fernando Alonso,2022,4,,,9,Max Verstappen
Heikki Kovalainen,2009,6,,,12,Jenson Button
Heikki Kovalainen,2009,8,,,12,Jenson Button
Heikki Kovalainen,2008,4,,,7,Lewis Hamilton
Heikki Kovalainen,2007,17,,,7,Kimi Räikkönen
Heikki Kovalainen,2010,9,,,20,Sebastian Vettel
Heikki Kovalainen,2010,11,,,20,Sebastian Vettel
Heikki Kovalainen,2011,5,,,22,Sebastian Vettel
Kazuki Nakajima,2009,6,15.0,-5.0,20,Jenson Button
Kazuki Nakajima,2009,16,,,20,Jenson Button
Kazuki Nakajima,2008,5,,,15,Lewis Hamilton
Kazuki Nakajima,2008,7,,,15,Lewis Hamilton
Sébastien Bourdais,2009,5,,,19,Jenson Button
Sébastien Bourdais,2009,8,,,19,Jenson Button
Sébastien Bourdais,2008,4,,,17,Lewis Hamilton
Sébastien Bourdais,2008,6,,,17,Lewis Hamilton
Kimi Räikkönen,2008,7,,,3,Lewis Hamilton
Kimi Räikkönen,2008,15,15.0,12.0,3,Lewis Hamilton
Kimi Räikkönen,2006,2,,,5,Fernando Alonso
Kimi Räikkönen,2006,10,,,5,Fernando Alonso
Kimi Räikkönen,2006,13,,,5,Fernando Alonso
Kimi Räikkönen,2006,14,,,5,Fernando Alonso
Kimi Räikkönen,2005,7,11.0,9.0,2,Fernando Alonso
Kimi Räikkönen,2003,5,,,2,Michael Schumacher
Kimi Räikkönen,2003,12,,,2,Michael Schumacher
Kimi Räikkönen,2002,7,,,6,Michael Schumacher
Kimi Räikkönen,2001,17,,,10,Michael Schumacher
Kimi Räikkönen,2013,17,,,5,Sebastian Vettel
Kimi Räikkönen,2014,9,,,12,Lewis Hamilton
Kimi Räikkönen,2015,8,,,4,Lewis Hamilton
Kimi Räikkönen,2015,17,,,4,Lewis Hamilton
Kimi Räikkönen,2016,6,,,6,Nico Rosberg
Kimi Räikkönen,2016,20,,,6,Nico Rosberg
Kimi Räikkönen,2017,5,,,4,Lewis Hamilton
Kimi Räikkönen,2017,14,,,4,Lewis Hamilton
Kimi Räikkönen,2019,15,,,12,Lewis Hamilton
Kimi Räikkönen,2021,3,,,16,Max Verstappen
Robert Kubica,2007,6,,,6,Kimi Räikkönen
Timo Glock,2010,17,,,25,Sebastian Vettel
Timo Glock,2011,14,,,25,Sebastian Vettel
Timo Glock,2011,17,,,25,Sebastian Vettel
Takuma Sato,2007,15,15.0,-2.0,17,Kimi Räikkönen
Takuma Sato,2006,9,15.0,-8.0,23,Fernando Alonso
Takuma Sato,2006,10,,,23,Fernando Alonso
Takuma Sato,2005,16,,,23,Fernando Alonso
Takuma Sato,2004,14,,,8,Michael Schumacher
Takuma Sato,2002,6,,,15,Michael Schumacher
Nelson Piquet Jr.,2009,6,,,21,Jenson Button
Nelson Piquet Jr.,2008,4,,,12,Lewis Hamilton
Nelson Piquet Jr.,2008,6,,,12,Lewis Hamilton
Nelson Piquet Jr.,2008,15,,,12,Lewis Hamilton
Nelson Piquet Jr.,2008,18,,,12,Lewis Hamilton
Felipe Massa,2006,3,,,3,Fernando Alonso
Felipe Massa,2006,16,,,3,Fernando Alonso
Felipe Massa,2004,8,,,12,Michael Schumacher
Felipe Massa,2004,9,,,12,Michael Schumacher
Felipe Massa,2002,3,,,13,Michael Schumacher
Felipe Massa,2002,7,,,13,Michael Schumacher
Felipe Massa,2002,15,,,13,Michael Schumacher
Felipe Massa,2002,17,,,13,Michael Schumacher
Felipe Massa,2010,16,,,6,Sebastian Vettel
Felipe Massa,2011,6,,,6,Sebastian Vettel
Felipe Massa,2013,6,,,8,Sebastian Vettel
Felipe Massa,2014,7,12.0,5.0,7,Lewis Hamilton
Felipe Massa,2014,9,,,7,Lewis Hamilton
Felipe Massa,2014,10,,,7,Lewis Hamilton
Felipe Massa,2016,20,,,11,Nico Rosberg
Felipe Massa,2017,7,,,11,Lewis Hamilton
David Coulthard,2008,6,,,16,Lewis Hamilton
David Coulthard,2008,9,,,16,Lewis Hamilton
David Coulthard,2008,16,,,16,Lewis Hamilton
David Coulthard,2008,18,,,16,Lewis Hamilton
David Coulthard,2007,7,,,10,Kimi Räikkönen
David Coulthard,2007,13,,,10,Kimi Räikkönen
David Coulthard,2006,5,,,13,Fernando Alonso
David Coulthard,2005,6,,,12,Fernando Alonso
David Coulthard,2005,13,,,12,Fernando Alonso
David Coulthard,2005,17,,,12,Fernando Alonso
David Coulthard,2004,6,,,10,Michael Schumacher
David Coulthard,2004,17,,,10,Michael Schumacher
David Coulthard,2003,5,,,7,Michael Schumacher
David Coulthard,2002,9,,,5,Michael Schumacher
David Coulthard,2000,14,,,3,Michael Schumacher
David Coulthard,1997,3,,,3,Jacques Villeneuve
David Coulthard,1997,8,7.0,4.0,3,Jacques Villeneuve
David Coulthard,1996,7,,,7,Damon Hill
David Coulthard,1995,17,,,3,Michael Schumacher
Jarno Trulli,2009,3,,,8,Jenson Button
Jarno Trulli,2009,5,,,8,Jenson Button
Jarno Trulli,2009,16,,,8,Jenson Button
Jarno Trulli,2008,17,,,9,Lewis Hamilton
Jarno Trulli,2007,6,,,13,Kimi Räikkönen
Jarno Trulli,2007,8,,,13,Kimi Räikkönen
Jarno Trulli,2006,3,,,12,Fernando Alonso
Jarno Trulli,2005,16,,,7,Fernando Alonso
Jarno Trulli,2005,18,,,7,Fernando Alonso
Jarno Trulli,2004,11,,,6,Michael Schumacher
Jarno Trulli,2003,5,,,8,Michael Schumacher
Jarno Trulli,2003,8,,,8,Michael Schumacher
Jarno Trulli,2001,11,,,9,Michael Schumacher
Jarno Trulli,2001,15,,,9,Michael Schumacher
Jarno Trulli,2000,6,,,10,Michael Schumacher
Jarno Trulli,2000,10,,,10,Michael Schumacher
Jarno Trulli,2000,13,,,10,Michael Schumacher
Jarno Trulli,2000,14,,,10,Michael Schumacher
Jarno Trulli,2000,15,,,10,Michael Schumacher
Jarno Trulli,1999,6,,,11,Mika Häkkinen
Jarno Trulli,1998,7,,,16,Mika Häkkinen
Jarno Trulli,2010,6,15.0,-6.0,21,Sebastian Vettel
Adrian Sutil,2009,5,,,17,Jenson Button
Adrian Sutil,2009,14,,,17,Jenson Button
Adrian Sutil,2009,16,,,17,Jenson Button
Adrian Sutil,2008,4,,,20,Lewis Hamilton
Adrian Sutil,2008,6,,,20,Lewis Hamilton
Adrian Sutil,2008,12,,,20,Lewis Hamilton
Adrian Sutil,2008,15,,,20,Lewis Hamilton
Adrian Sutil,2007,2,,,19,Kimi Räikkönen
Adrian Sutil,2007,5,,,19,Kimi Räikkönen
Adrian Sutil,2007,6,,,19,Kimi Räikkönen
Adrian Sutil,2007,16,,,19,Kimi Räikkönen
Adrian Sutil,2010,12,,,11,Sebastian Vettel
Adrian Sutil,2010,17,,,11,Sebastian Vettel
Adrian Sutil,2011,7,,,9,Sebastian Vettel
Adrian Sutil,2013,3,,,13,Sebastian Vettel
Adrian Sutil,2013,14,20.0,7.0,13,Sebastian Vettel
Adrian Sutil,2013,18,,,13,Sebastian Vettel
Adrian Sutil,2014,3,,,18,Lewis Hamilton
Adrian Sutil,2014,6,,,18,Lewis Hamilton
Adrian Sutil,2014,15,21.0,3.0,18,Lewis Hamilton
Adrian Sutil,2014,17,,,18,Lewis Hamilton
Mark Webber,2009,13,,,4,Jenson Button
Mark Webber,2007,15,,,12,Kimi Räikkönen
Mark Webber,2006,8,,,14,Fernando Alonso
Mark Webber,2006,10,,,14,Fernando Alonso
Mark Webber,2006,13,,,14,Fernando Alonso
Mark Webber,2006,17,,,14,Fernando Alonso
Mark Webber,2006,18,,,14,Fernando Alonso
Mark Webber,2005,2,,,10,Fernando Alonso
Mark Webber,2005,7,,,10,Fernando Alonso
Mark Webber,2004,14,,,13,Michael Schumacher
Mark Webber,2004,18,,,13,Michael Schumacher
Mark Webber,2003,12,11.0,1.0,10,Michael Schumacher
Mark Webber,2003,15,,,10,Michael Schumacher
Mark Webber,2010,9,,,3,Sebastian Vettel
Mark Webber,2010,17,,,3,Sebastian Vettel
Mark Webber,2011,13,,,3,Sebastian Vettel
Mark Webber,2012,18,,,6,Sebastian Vettel
Mark Webber,2013,14,,,3,Sebastian Vettel
Jenson Button,2009,12,,,1,Jenson Button
Jenson Button,2008,3,,,18,Lewis Hamilton
Jenson Button,2008,8,,,18,Lewis Hamilton
Jenson Button,2007,3,,,15,Kimi Räikkönen
Jenson Button,2006,10,,,6,Fernando Alonso
Jenson Button,2005,8,,,9,Fernando Alonso
Jenson Button,2004,14,,,3,Michael Schumacher
Jenson Button,2003,3,,,9,Michael Schumacher
Jenson Button,2002,7,,,7,Michael Schumacher
Jenson Button,2010,13,,,5,Sebastian Vettel
Jenson Button,2012,6,16.0,11.0,5,Sebastian Vettel
Jenson Button,2012,16,,,5,Sebastian Vettel
Jenson Button,2015,9,,,16,Lewis Hamilton
Jenson Button,2016,13,,,15,Nico Rosberg
Anthony Davidson,2007,8,,,23,Kimi Räikkönen
Anthony Davidson,2007,11,,,23,Kimi Räikkönen
Sebastian Vettel,2009,6,,,2,Jenson Button
Sebastian Vettel,2008,9,,,8,Lewis Hamilton
Sebastian Vettel,2007,15,,,14,Kimi Räikkönen
Sebastian Vettel,2010,7,,,1,Sebastian Vettel
Sebastian Vettel,2015,17,,,3,Lewis Hamilton
Sebastian Vettel,2016,4,,,4,Nico Rosberg
Sebastian Vettel,2016,16,,,4,Nico Rosberg
Sebastian Vettel,2017,14,,,2,Lewis Hamilton
Sebastian Vettel,2018,11,,,2,Lewis Hamilton
Sebastian Vettel,2019,20,17.0,12.0,5,Lewis Hamilton
Sebastian Vettel,2020,2,,,13,Lewis Hamilton
Sebastian Vettel,2021,9,17.0,5.0,12,Max Verstappen
Sebastian Vettel,2021,21,,,12,Max Verstappen
Sebastian Vettel,2022,5,17.0,5.0,12,Max Verstappen
Giancarlo Fisichella,2008,5,,,19,Lewis Hamilton
Giancarlo Fisichella,2008,14,,,19,Lewis Hamilton
Giancarlo Fisichella,2007,17,,,8,Kimi Räikkönen
Giancarlo Fisichella,2005,2,,,5,Fernando Alonso
Giancarlo Fisichella,2005,4,,,5,Fernando Alonso
Giancarlo Fisichella,2005,16,,,5,Fernando Alonso
Giancarlo Fisichella,2004,6,,,11,Michael Schumacher
Giancarlo Fisichella,2002,9,,,11,Michael Schumacher
Giancarlo Fisichella,2001,8,,,11,Michael Schumacher
Giancarlo Fisichella,2000,10,,,6,Michael Schumacher
Giancarlo Fisichella,2000,11,,,6,Michael Schumacher
Giancarlo Fisichella,1998,5,,,9,Mika Häkkinen
Giancarlo Fisichella,1998,10,,,9,Mika Häkkinen
Giancarlo Fisichella,1998,13,,,9,Mika Häkkinen
Giancarlo Fisichella,1997,3,,,8,Jacques Villeneuve
Giancarlo Fisichella,1997,15,,,8,Jacques Villeneuve
Giancarlo Fisichella,1996,6,,,19,Damon Hill
Giancarlo Fisichella,1996,7,,,19,Damon Hill
Rubens Barrichello,2008,4,,,14,Lewis Hamilton
Rubens Barrichello,2008,10,,,14,Lewis Hamilton
Rubens Barrichello,2007,7,,,20,Kimi Räikkönen
Rubens Barrichello,2004,17,,,2,Michael Schumacher
Rubens Barrichello,2003,12,,,4,Michael Schumacher
Rubens Barrichello,2003,15,,,4,Michael Schumacher
Rubens Barrichello,2001,3,,,3,Michael Schumacher
Rubens Barrichello,2000,14,,,4,Michael Schumacher
Rubens Barrichello,1998,13,,,12,Mika Häkkinen
Rubens Barrichello,1995,8,11.0,0.0,11,Michael Schumacher
Rubens Barrichello,1994,7,,,6,Michael Schumacher
Rubens Barrichello,1994,9,,,6,Michael Schumacher
Rubens Barrichello,1994,10,,,6,Michael Schumacher
Rubens Barrichello,1993,11,,,18,Alain Prost
Rubens Barrichello,1993,13,,,18,Alain Prost
Rubens Barrichello,2010,13,,,10,Sebastian Vettel
Ralf Schumacher,2007,7,,,16,Kimi Räikkönen
Ralf Schumacher,2007,10,,,16,Kimi Räikkönen
Ralf Schumacher,2006,8,,,10,Fernando Alonso
Ralf Schumacher,2004,7,,,9,Michael Schumacher
Ralf Schumacher,2004,16,,,9,Michael Schumacher
Ralf Schumacher,2003,12,,,5,Michael Schumacher
Ralf Schumacher,2003,15,,,5,Michael Schumacher
Ralf Schumacher,2000,6,,,5,Michael Schumacher
Ralf Schumacher,2000,8,14.0,9.0,5,Michael Schumacher
Ralf Schumacher,1997,7,,,11,Jacques Villeneuve
Ralf Schumacher,1997,13,,,11,Jacques Villeneuve
Ralf Schumacher,1997,15,,,11,Jacques Villeneuve
Vitantonio Liuzzi,2007,5,,,18,Kimi Räikkönen
Vitantonio Liuzzi,2007,6,,,18,Kimi Räikkönen
Vitantonio Liuzzi,2007,8,,,18,Kimi Räikkönen
Vitantonio Liuzzi,2006,3,,,19,Fernando Alonso
Vitantonio Liuzzi,2006,5,,,19,Fernando Alonso
Vitantonio Liuzzi,2006,13,,,19,Fernando Alonso
Vitantonio Liuzzi,2005,6,,,24,Fernando Alonso
Vitantonio Liuzzi,2010,4,,,15,Sebastian Vettel
Vitantonio Liuzzi,2010,15,,,15,Sebastian Vettel
Vitantonio Liuzzi,2010,16,,,15,Sebastian Vettel
Vitantonio Liuzzi,2010,18,,,15,Sebastian Vettel
Vitantonio Liuzzi,2010,19,,,15,Sebastian Vettel
Vitantonio Liuzzi,2011,13,,,23,Sebastian Vettel
Alexander Wurz,2007,4,,,11,Kimi Räikkönen
Alexander Wurz,2007,15,,,11,Kimi Räikkönen
Alexander Wurz,2000,6,12.0,-3.0,15,Michael Schumacher
Alexander Wurz,1999,14,,,13,Mika Häkkinen
Alexander Wurz,1998,13,,,8,Mika Häkkinen
Scott Speed,2007,3,,,21,Kimi Räikkönen
Scott Speed,2007,6,,,21,Kimi Räikkönen
Scott Speed,2007,9,,,21,Kimi Räikkönen
Scott Speed,2006,8,,,20,Fernando Alonso
Scott Speed,2006,10,,,20,Fernando Alonso
Christijan Albers,2006,4,,,22,Fernando Alonso
Christijan Albers,2006,9,,,22,Fernando Alonso
Sakon Yamamoto,2007,17,,,24,Kimi Räikkönen
Michael Schumacher,2006,3,,,2,Fernando Alonso
Michael Schumacher,2005,16,,,3,Fernando Alonso
Michael Schumacher,2004,6,,,1,Michael Schumacher
Michael Schumacher,2003,3,,,1,Michael Schumacher
Michael Schumacher,2000,10,,,1,Michael Schumacher
Michael Schumacher,2000,11,,,1,Michael Schumacher
Michael Schumacher,1998,13,,,2,Mika Häkkinen
Michael Schumacher,1997,3,,,26,Jacques Villeneuve
Michael Schumacher,1997,17,,,26,Jacques Villeneuve
Michael Schumacher,1995,8,,,1,Michael Schumacher
Michael Schumacher,1995,12,,,1,Michael Schumacher
Michael Schumacher,1995,17,,,1,Michael Schumacher
Michael Schumacher,1994,16,,,1,Michael Schumacher
Michael Schumacher,1993,15,,,4,Alain Prost
Michael Schumacher,1992,8,,,3,Nigel Mansell
Michael Schumacher,2010,19,,,9,Sebastian Vettel
Michael Schumacher,2011,14,,,8,Sebastian Vettel
Michael Schumacher,2011,16,,,8,Sebastian Vettel
Michael Schumacher,2012,5,,,13,Sebastian Vettel
Michael Schumacher,2012,14,,,13,Sebastian Vettel
Juan Pablo Montoya,2006,9,,,8,Fernando Alonso
Juan Pablo Montoya,2006,10,,,8,Fernando Alonso
Juan Pablo Montoya,2005,16,14.0,10.0,4,Fernando Alonso
Juan Pablo Montoya,2005,18,,,4,Fernando Alonso
Juan Pablo Montoya,2003,3,,,3,Michael Schumacher
Juan Pablo Montoya,2002,9,,,3,Michael Schumacher
Juan Pablo Montoya,2001,8,,,6,Michael Schumacher
Christian Klien,2006,3,,,18,Fernando Alonso
Christian Klien,2006,10,,,18,Fernando Alonso
Christian Klien,2005,13,,,15,Fernando Alonso
Christian Klien,2004,6,,,16,Michael Schumacher
Christian Klien,2004,9,,,16,Michael Schumacher
Christian Klien,2004,16,,,16,Michael Schumacher
Tiago Monteiro,2006,10,,,21,Fernando Alonso
Tiago Monteiro,2006,14,,,21,Fernando Alonso
Jacques Villeneuve,2006,9,,,15,Fernando Alonso
Jacques Villeneuve,2006,12,,,15,Fernando Alonso
Jacques Villeneuve,2000,8,15.0,8.0,7,Michael Schumacher
Jacques Villeneuve,1998,3,,,5,Mika Häkkinen
Jacques Villeneuve,1997,7,,,1,Jacques Villeneuve
Jacques Villeneuve,1996,6,,,2,Damon Hill
Franck Montagny,2006,10,,,27,Fernando Alonso
Pedro de la Rosa,2002,15,,,21,Michael Schumacher
Pedro de la Rosa,2001,12,,,16,Michael Schumacher
Pedro de la Rosa,2001,14,,,16,Michael Schumacher
Pedro de la Rosa,2000,5,,,16,Michael Schumacher
Pedro de la Rosa,2000,8,,,16,Michael Schumacher
Pedro de la Rosa,2000,14,,,16,Michael Schumacher
Pedro de la Rosa,2000,17,,,16,Michael Schumacher
Pedro de la Rosa,2010,5,,,17,Sebastian Vettel
Pedro de la Rosa,2010,10,,,17,Sebastian Vettel
Pedro de la Rosa,2012,6,,,25,Sebastian Vettel
Pedro de la Rosa,2012,17,,,25,Sebastian Vettel
Narain Karthikeyan,2005,19,,,18,Fernando Alonso
Narain Karthikeyan,2012,14,,,24,Sebastian Vettel
Narain Karthikeyan,2012,18,,,24,Sebastian Vettel
Patrick Friesacher,2005,6,,,21,Fernando Alonso
Ricardo Zonta,2001,12,,,19,Michael Schumacher
Antônio Pizzonia,2005,16,15.0,-7.0,22,Fernando Alonso
Antônio Pizzonia,2005,17,,,22,Fernando Alonso
Antônio Pizzonia,2005,18,,,22,Fernando Alonso
Cristiano da Matta,2004,4,,,17,Michael Schumacher
Cristiano da Matta,2004,7,,,17,Michael Schumacher
Olivier Panis,2004,11,,,14,Michael Schumacher
Olivier Panis,2004,15,,,14,Michael Schumacher
Olivier Panis,2003,15,,,15,Michael Schumacher
Olivier Panis,2002,11,,,14,Michael Schumacher
Olivier Panis,2001,11,,,14,Michael Schumacher
Olivier Panis,1998,13,,,22,Mika Häkkinen
Olivier Panis,1996,4,,,9,Damon Hill
Olivier Panis,1996,7,,,9,Damon Hill
Olivier Panis,1996,13,,,9,Damon Hill
Olivier Panis,1994,7,,,11,Michael Schumacher
Giorgio Pantano,2004,9,,,24,Michael Schumacher
Giorgio Pantano,2004,14,,,24,Michael Schumacher
Giorgio Pantano,2004,15,,,24,Michael Schumacher
Gianmaria Bruni,2004,9,,,25,Michael Schumacher
Gianmaria Bruni,2004,14,,,25,Michael Schumacher
Zsolt Baumgartner,2004,14,,,20,Michael Schumacher
Marc Gené,1999,13,,,17,Mika Häkkinen
Heinz-Harald Frentzen,2003,7,,,11,Michael Schumacher
Heinz-Harald Frentzen,2003,12,,,11,Michael Schumacher
Heinz-Harald Frentzen,2001,5,,,13,Michael Schumacher
Heinz-Harald Frentzen,2001,7,,,13,Michael Schumacher
Heinz-Harald Frentzen,2000,14,,,9,Michael Schumacher
Heinz-Harald Frentzen,1998,6,,,7,Mika Häkkinen
Heinz-Harald Frentzen,1997,9,,,2,Jacques Villeneuve
Heinz-Harald Frentzen,1997,10,,,2,Jacques Villeneuve
Heinz-Harald Frentzen,1996,13,,,12,Damon Hill
Heinz-Harald Frentzen,1994,9,,,13,Michael Schumacher
Jos Verstappen,2001,3,,,18,Michael Schumacher
Jos Verstappen,1996,11,,,16,Damon Hill
Jos Verstappen,1996,13,,,16,Damon Hill
Jos Verstappen,1994,12,,,10,Michael Schumacher
Ralph Firman,2003,12,,,19,Michael Schumacher
Luciano Burti,2001,14,,,20,Michael Schumacher
Jean Alesi,2001,17,,,15,Michael Schumacher
Jean Alesi,2000,5,,,22,Michael Schumacher
Jean Alesi,2000,10,,,22,Michael Schumacher
Jean Alesi,2000,11,,,22,Michael Schumacher
Jean Alesi,1999,6,,,15,Mika Häkkinen
Jean Alesi,1998,7,,,11,Mika Häkkinen
Jean Alesi,1998,10,,,11,Mika Häkkinen
Jean Alesi,1997,14,,,4,Jacques Villeneuve
Jean Alesi,1996,4,,,4,Damon Hill
Jean Alesi,1995,17,,,5,Michael Schumacher
Jean Alesi,1994,7,,,5,Michael Schumacher
Jean Alesi,1994,13,,,5,Michael Schumacher
Jean Alesi,1992,5,,,7,Nigel Mansell
Jean Alesi,1991,8,,,7,Ayrton Senna
Jean Alesi,1991,16,,,7,Ayrton Senna
Jean Alesi,1990,10,,,9,Ayrton Senna
Eddie Irvine,2001,8,,,12,Michael Schumacher
Eddie Irvine,2001,14,,,12,Michael Schumacher
Eddie Irvine,2000,6,,,13,Michael Schumacher
Eddie Irvine,1998,5,,,4,Mika Häkkinen
Eddie Irvine,1997,7,,,7,Jacques Villeneuve
Eddie Irvine,1997,10,,,7,Jacques Villeneuve
Eddie Irvine,1997,14,,,7,Jacques Villeneuve
Eddie Irvine,1996,6,7.0,-3.0,10,Damon Hill
Eddie Irvine,1996,16,,,10,Damon Hill
Eddie Irvine,1994,9,,,16,Michael Schumacher
Eddie Irvine,1994,10,,,16,Michael Schumacher
Eddie Irvine,1993,16,,,22,Alain Prost
Mika Häkkinen,1998,13,,,1,Mika Häkkinen
Mika Häkkinen,1997,5,,,6,Jacques Villeneuve
Mika Häkkinen,1996,6,6.0,1.0,5,Damon Hill
Mika Häkkinen,1996,15,,,5,Damon Hill
Mika Häkkinen,1995,2,,,7,Michael Schumacher
Mika Häkkinen,1995,6,,,7,Michael Schumacher
Mika Häkkinen,1994,4,,,4,Michael Schumacher
Mika Häkkinen,1994,9,,,4,Michael Schumacher
Alex Yoong,2002,7,,,20,Michael Schumacher
Mika Salo,1998,7,,,13,Mika Häkkinen
Mika Salo,1998,10,,,13,Mika Häkkinen
Mika Salo,1998,13,,,13,Mika Häkkinen
Mika Salo,1996,6,5.0,-8.0,13,Damon Hill
Mika Salo,1996,12,,,13,Damon Hill
Mika Salo,1995,2,,,15,Michael Schumacher
Pedro Diniz,2000,11,,,18,Michael Schumacher
Pedro Diniz,2000,17,,,18,Michael Schumacher
Pedro Diniz,1999,10,,,14,Mika Häkkinen
Pedro Diniz,1999,14,,,14,Mika Häkkinen
Pedro Diniz,1998,10,,,14,Mika Häkkinen
Pedro Diniz,1997,10,,,16,Jacques Villeneuve
Pedro Diniz,1996,12,,,15,Damon Hill
Pedro Diniz,1996,15,,,15,Damon Hill
Johnny Herbert,2000,6,11.0,-6.0,17,Michael Schumacher
Johnny Herbert,2000,14,,,17,Michael Schumacher
Johnny Herbert,1998,3,,,15,Mika Häkkinen
Johnny Herbert,1998,13,,,15,Mika Häkkinen
Johnny Herbert,1997,10,,,10,Jacques Villeneuve
Johnny Herbert,1997,13,,,10,Jacques Villeneuve
Johnny Herbert,1996,13,,,14,Damon Hill
Johnny Herbert,1995,6,,,4,Michael Schumacher
Johnny Herbert,1994,9,,,26,Michael Schumacher
Johnny Herbert,1992,11,,,15,Nigel Mansell
Johnny Herbert,1992,14,,,15,Nigel Mansell
Allan McNish,2002,7,,,19,Michael Schumacher
Sébastien Buemi,2009,5,,,16,Jenson Button
Sébastien Buemi,2009,6,,,16,Jenson Button
Sébastien Buemi,2010,2,,,16,Sebastian Vettel
Sébastien Buemi,2010,4,,,16,Sebastian Vettel
Sébastien Buemi,2010,11,,,16,Sebastian Vettel
Sébastien Buemi,2010,17,,,16,Sebastian Vettel
Sébastien Buemi,2011,9,,,15,Sebastian Vettel
Toranosuke Takagi,1998,10,,,21,Mika Häkkinen
Toranosuke Takagi,1998,16,,,21,Mika Häkkinen
Luca Badoer,1999,13,,,23,Mika Häkkinen
Luca Badoer,1996,3,,,21,Damon Hill
Luca Badoer,1996,6,,,21,Damon Hill
Alessandro Zanardi,1999,14,,,19,Mika Häkkinen
Alessandro Zanardi,1994,9,,,30,Michael Schumacher
Alessandro Zanardi,1994,12,,,30,Michael Schumacher
Damon Hill,1999,4,,,12,Mika Häkkinen
Damon Hill,1999,15,,,12,Mika Häkkinen
Damon Hill,1997,4,,,12,Jacques Villeneuve
Damon Hill,1997,5,,,12,Jacques Villeneuve
Damon Hill,1995,8,,,2,Michael Schumacher
Damon Hill,1995,12,,,2,Michael Schumacher
Damon Hill,1994,4,,,2,Michael Schumacher
Damon Hill,1994,16,,,2,Michael Schumacher
Ricardo Rosset,1998,13,,,20,Mika Häkkinen
Ricardo Rosset,1996,7,,,18,Damon Hill
Ricardo Rosset,1996,8,,,18,Damon Hill
Esteban Tuero,1998,16,,,19,Mika Häkkinen
Shinji Nakano,1997,4,,,18,Jacques Villeneuve
Jan Magnussen,1997,11,,,20,Jacques Villeneuve
Gerhard Berger,1995,6,11.0,5.0,6,Michael Schumacher
Gerhard Berger,1993,2,,,8,Alain Prost
Gerhard Berger,1993,6,14.0,6.0,8,Alain Prost
Gerhard Berger,1993,12,10.0,2.0,8,Alain Prost
Gerhard Berger,1993,14,,,8,Alain Prost
Gerhard Berger,1992,5,,,5,Nigel Mansell
Gerhard Berger,1990,10,16.0,12.0,4,Ayrton Senna
Gerhard Berger,1990,14,,,4,Ayrton Senna
Gerhard Berger,1989,2,,,7,Alain Prost
Gerhard Berger,1989,16,,,7,Alain Prost
Gerhard Berger,1988,16,,,3,Ayrton Senna
Gerhard Berger,1987,7,,,5,Nelson Piquet
Gerhard Berger,1985,4,,,20,Alain Prost
Gerhard Berger,1985,7,,,20,Alain Prost
Gerhard Berger,1984,15,,,22,Niki Lauda
Nicola Larini,1990,5,,,19,Ayrton Senna
Ukyo Katayama,1997,15,,,24,Jacques Villeneuve
Ukyo Katayama,1996,8,,,17,Damon Hill
Ukyo Katayama,1995,7,,,20,Michael Schumacher
Ukyo Katayama,1995,13,,,20,Michael Schumacher
Ukyo Katayama,1994,6,,,17,Michael Schumacher
Ukyo Katayama,1994,10,,,17,Michael Schumacher
Gianni Morbidelli,1994,4,,,22,Michael Schumacher
Gianni Morbidelli,1994,7,,,22,Michael Schumacher
Gianni Morbidelli,1994,10,,,22,Michael Schumacher
Gianni Morbidelli,1994,12,,,22,Michael Schumacher
Gianni Morbidelli,1991,7,,,24,Ayrton Senna
Gianni Morbidelli,1991,14,14.0,-10.0,24,Ayrton Senna
Pedro Lamy,1996,6,,,20,Damon Hill
Pedro Lamy,1996,7,,,20,Damon Hill
Pedro Lamy,1996,8,,,20,Damon Hill
Pedro Lamy,1994,3,,,28,Michael Schumacher
Pedro Lamy,1993,16,,,30,Alain Prost
Martin Brundle,1996,3,,,11,Damon Hill
Martin Brundle,1995,6,10.0,-3.0,13,Michael Schumacher
Martin Brundle,1993,13,,,7,Alain Prost
Martin Brundle,1993,15,9.0,2.0,7,Alain Prost
Martin Brundle,1989,16,,,20,Alain Prost
Martin Brundle,1986,4,,,11,Alain Prost
Martin Brundle,1985,6,,,21,Alain Prost
Andrea Montermini,1995,2,,,25,Michael Schumacher
Andrea Montermini,1995,12,,,25,Michael Schumacher
Mark Blundell,1995,14,,,10,Michael Schumacher
Mark Blundell,1994,2,,,12,Michael Schumacher
Mark Blundell,1994,9,,,12,Michael Schumacher
Mark Blundell,1994,16,,,12,Michael Schumacher
Mark Blundell,1993,12,11.0,1.0,10,Alain Prost
Mark Blundell,1993,14,,,10,Alain Prost
Aguri Suzuki,1995,2,,,17,Michael Schumacher
Aguri Suzuki,1995,16,,,17,Michael Schumacher
Aguri Suzuki,1993,10,,,24,Alain Prost
Aguri Suzuki,1993,13,,,24,Alain Prost
Aguri Suzuki,1992,11,,,20,Nigel Mansell
Aguri Suzuki,1991,8,,,22,Ayrton Senna
Aguri Suzuki,1990,6,,,12,Ayrton Senna
Aguri Suzuki,1990,11,,,12,Ayrton Senna
Aguri Suzuki,1990,13,14.0,2.0,12,Ayrton Senna
Taki Inoue,1995,7,,,24,Michael Schumacher
Roberto Moreno,1995,12,,,32,Michael Schumacher
Karl Wendlinger,1994,2,,,19,Michael Schumacher
Karl Wendlinger,1992,11,,,12,Nigel Mansell
Bertrand Gachot,1992,8,,,19,Nigel Mansell
Bertrand Gachot,1992,11,,,19,Nigel Mansell
Bertrand Gachot,1992,15,,,19,Nigel Mansell
Pierluigi Martini,1994,4,,,21,Michael Schumacher
Pierluigi Martini,1994,9,,,21,Michael Schumacher
Pierluigi Martini,1994,15,,,21,Michael Schumacher
Pierluigi Martini,1993,11,,,23,Alain Prost
Pierluigi Martini,1992,16,,,16,Nigel Mansell
Pierluigi Martini,1990,3,,,21,Ayrton Senna
Pierluigi Martini,1990,10,,,21,Ayrton Senna
Pierluigi Martini,1989,6,,,15,Alain Prost
Pierluigi Martini,1988,10,,,17,Ayrton Senna
Pierluigi Martini,1985,5,,,24,Alain Prost
Pierluigi Martini,1985,7,,,24,Alain Prost
Pierluigi Martini,1985,11,,,24,Alain Prost
Pierluigi Martini,1985,14,,,24,Alain Prost
Nigel Mansell,1992,16,,,1,Nigel Mansell
Nigel Mansell,1991,3,,,2,Ayrton Senna
Nigel Mansell,1990,10,17.0,12.0,5,Ayrton Senna
Nigel Mansell,1988,3,,,9,Ayrton Senna
Nigel Mansell,1988,15,,,9,Ayrton Senna
Nigel Mansell,1987,3,,,2,Nelson Piquet
Nigel Mansell,1987,15,,,2,Nelson Piquet
Nigel Mansell,1985,6,,,6,Alain Prost
Nigel Mansell,1983,5,,,13,Nelson Piquet
Nigel Mansell,1982,8,,,14,Keke Rosberg
Nigel Mansell,1982,16,,,14,Keke Rosberg
Nigel Mansell,1981,14,,,14,Nelson Piquet
Jean-Christophe Boullion,1995,14,,,16,Michael Schumacher
Gabriele Tarquini,1992,11,,,32,Nigel Mansell
Érik Comas,1992,11,,,11,Nigel Mansell
David Brabham,1994,13,,,31,Michael Schumacher
Ayrton Senna,1994,2,,,38,Michael Schumacher
Ayrton Senna,1994,3,,,38,Michael Schumacher
Ayrton Senna,1993,13,,,2,Alain Prost
Ayrton Senna,1992,8,,,4,Nigel Mansell
Ayrton Senna,1992,16,,,4,Nigel Mansell
Ayrton Senna,1990,15,,,1,Ayrton Senna
Ayrton Senna,1989,13,,,2,Alain Prost
Ayrton Senna,1989,16,,,2,Alain Prost
Ayrton Senna,1988,12,10.0,9.0,1,Ayrton Senna
Ayrton Senna,1987,3,,,3,Nelson Piquet
Ayrton Senna,1986,8,,,4,Alain Prost
Ayrton Senna,1985,6,,,4,Alain Prost
Ayrton Senna,1985,7,,,4,Alain Prost
Ayrton Senna,1984,8,,,9,Niki Lauda
Ayrton Senna,1984,11,,,9,Niki Lauda
Ayrton Senna,1984,15,,,9,Niki Lauda
Éric Bernard,1991,14,,,21,Ayrton Senna
Christian Fittipaldi,1993,2,,,14,Alain Prost
Michele Alboreto,1994,2,,,25,Michael Schumacher
Michele Alboreto,1994,9,,,25,Michael Schumacher
Michele Alboreto,1990,5,,,24,Ayrton Senna
Michele Alboreto,1989,11,,,13,Alain Prost
Michele Alboreto,1988,6,,,5,Ayrton Senna
Michele Alboreto,1988,16,,,5,Ayrton Senna
Michele Alboreto,1986,11,,,9,Alain Prost
Michele Alboreto,1986,16,,,9,Alain Prost
Michele Alboreto,1983,4,,,12,Nelson Piquet
Michele Alboreto,1983,5,,,12,Nelson Piquet
Michele Alboreto,1983,11,,,12,Nelson Piquet
Michele Alboreto,1981,6,,,27,Nelson Piquet
Michele Alboreto,1981,13,,,27,Nelson Piquet
Roland Ratzenberger,1994,3,,,34,Michael Schumacher
Jyrki Järvilehto,1993,6,,,13,Alain Prost
Jyrki Järvilehto,1993,13,,,13,Alain Prost
Jyrki Järvilehto,1993,16,,,13,Alain Prost
Jyrki Järvilehto,1991,15,,,12,Ayrton Senna
Andrea de Cesaris,1994,9,,,20,Michael Schumacher
Andrea de Cesaris,1994,10,,,20,Michael Schumacher
Andrea de Cesaris,1993,15,,,27,Alain Prost
Andrea de Cesaris,1991,15,,,9,Ayrton Senna
Andrea de Cesaris,1990,2,,,27,Ayrton Senna
Andrea de Cesaris,1988,11,,,15,Ayrton Senna
Andrea de Cesaris,1987,14,,,14,Nelson Piquet
Andrea de Cesaris,1985,9,,,17,Alain Prost
Andrea de Cesaris,1985,10,,,17,Alain Prost
Andrea de Cesaris,1984,3,,,18,Niki Lauda
Andrea de Cesaris,1984,6,,,18,Niki Lauda
Andrea de Cesaris,1983,13,,,8,Nelson Piquet
Andrea de Cesaris,1982,13,,,17,Keke Rosberg
Andrea de Cesaris,1981,6,,,18,Nelson Piquet
Andrea de Cesaris,1981,7,,,18,Nelson Piquet
Andrea de Cesaris,1981,10,,,18,Nelson Piquet
Andrea de Cesaris,1980,14,,,32,Alan Jones
Philippe Alliot,1993,3,,,17,Alain Prost
Philippe Alliot,1990,13,,,23,Ayrton Senna
Philippe Alliot,1989,16,,,29,Alain Prost
Philippe Alliot,1988,3,,,24,Ayrton Senna
Philippe Alliot,1987,5,,,17,Nelson Piquet
Philippe Alliot,1987,9,,,17,Nelson Piquet
Philippe Alliot,1987,15,,,17,Nelson Piquet
Philippe Alliot,1985,5,,,28,Alain Prost
Philippe Alliot,1985,6,,,28,Alain Prost
Philippe Alliot,1985,8,,,28,Alain Prost
Philippe Alliot,1985,13,,,28,Alain Prost
Philippe Alliot,1984,10,,,30,Niki Lauda
Alain Prost,1993,2,,,1,Alain Prost
Alain Prost,1990,15,,,2,Ayrton Senna
Alain Prost,1989,15,,,1,Alain Prost
Alain Prost,1987,14,,,4,Nelson Piquet
Alain Prost,1986,11,,,1,Alain Prost
Alain Prost,1981,2,,,5,Nelson Piquet
Alain Prost,1981,14,,,5,Nelson Piquet
Alain Prost,1980,3,,,16,Alan Jones
Alain Prost,1980,6,,,16,Alan Jones
Derek Warwick,1993,13,,,16,Alain Prost
Derek Warwick,1993,14,15.0,-1.0,16,Alain Prost
Derek Warwick,1993,15,14.0,-2.0,16,Alain Prost
Derek Warwick,1989,5,,,10,Alain Prost
Derek Warwick,1989,13,,,10,Alain Prost
Derek Warwick,1987,5,,,16,Nelson Piquet
Derek Warwick,1987,14,,,16,Nelson Piquet
Derek Warwick,1986,11,,,21,Alain Prost
Derek Warwick,1985,5,,,14,Alain Prost
Derek Warwick,1984,5,,,7,Niki Lauda
Derek Warwick,1984,6,,,7,Niki Lauda
Derek Warwick,1983,5,,,14,Nelson Piquet
Derek Warwick,1982,15,,,32,Keke Rosberg
Riccardo Patrese,1993,14,16.0,11.0,5,Alain Prost
Riccardo Patrese,1992,14,,,2,Nigel Mansell
Riccardo Patrese,1991,8,,,3,Ayrton Senna
Riccardo Patrese,1989,11,,,3,Alain Prost
Riccardo Patrese,1986,13,,,17,Alain Prost
Riccardo Patrese,1985,4,,,25,Alain Prost
Riccardo Patrese,1985,15,,,25,Alain Prost
Riccardo Patrese,1984,7,,,13,Niki Lauda
Riccardo Patrese,1982,7,,,10,Keke Rosberg
Riccardo Patrese,1982,10,,,10,Keke Rosberg
Riccardo Patrese,1981,5,,,11,Nelson Piquet
Riccardo Patrese,1980,13,,,9,Alan Jones
Riccardo Patrese,1978,12,,,12,Mario Andretti
Riccardo Patrese,1978,13,,,12,Mario Andretti
Riccardo Patrese,1977,7,,,20,Niki Lauda
Michael Andretti,1993,10,,,11,Alain Prost
Ivan Capelli,1991,14,,,20,Ayrton Senna
Ivan Capelli,1990,3,,,10,Ayrton Senna
Ivan Capelli,1987,7,,,19,Nelson Piquet
Ivan Capelli,1987,15,,,19,Nelson Piquet
Thierry Boutsen,1992,3,,,14,Nigel Mansell
Thierry Boutsen,1992,11,,,14,Nigel Mansell
Thierry Boutsen,1991,14,,,26,Ayrton Senna
Thierry Boutsen,1991,16,,,26,Ayrton Senna
Thierry Boutsen,1990,5,,,6,Ayrton Senna
Thierry Boutsen,1989,9,,,5,Alain Prost
Thierry Boutsen,1987,13,16.0,8.0,8,Nelson Piquet
Thierry Boutsen,1986,7,,,20,Alain Prost
Thierry Boutsen,1984,13,,,15,Niki Lauda
Maurício Gugelmin,1992,8,,,23,Nigel Mansell
Maurício Gugelmin,1989,14,,,16,Alain Prost
Maurício Gugelmin,1988,16,,,13,Ayrton Senna
Olivier Grouillard,1992,11,,,24,Nigel Mansell
Olivier Grouillard,1992,12,,,24,Nigel Mansell
Olivier Grouillard,1992,16,,,24,Nigel Mansell
Olivier Grouillard,1990,2,,,31,Ayrton Senna
Stefano Modena,1990,14,,,17,Ayrton Senna
Stefano Modena,1990,15,,,17,Ayrton Senna
Stefano Modena,1989,6,,,18,Alain Prost
Alex Caffi,1990,13,13.0,-3.0,16,Ayrton Senna
Alex Caffi,1989,5,,,19,Alain Prost
Alex Caffi,1989,13,,,19,Alain Prost
Jan Lammers,1979,3,,,28,Jody Scheckter
Jan Lammers,1979,11,,,28,Jody Scheckter
Nelson Piquet,1989,3,,,8,Alain Prost
Nelson Piquet,1989,13,,,8,Alain Prost
Nelson Piquet,1989,16,,,8,Alain Prost
Nelson Piquet,1988,3,,,6,Ayrton Senna
Nelson Piquet,1986,7,,,3,Alain Prost
Nelson Piquet,1985,4,,,8,Alain Prost
Nelson Piquet,1985,14,,,8,Alain Prost
Nelson Piquet,1983,12,,,1,Nelson Piquet
Nelson Piquet,1982,12,,,11,Keke Rosberg
Nelson Piquet,1981,5,,,1,Nelson Piquet
Nelson Piquet,1981,7,,,1,Nelson Piquet
Nelson Piquet,1979,2,,,16,Jody Scheckter
Nelson Piquet,1979,8,,,16,Jody Scheckter
Nelson Piquet,1979,13,,,16,Jody Scheckter
Nelson Piquet,1978,12,,,28,Mario Andretti
Satoru Nakajima,1990,3,,,15,Ayrton Senna
Satoru Nakajima,1990,6,,,15,Ayrton Senna
Satoru Nakajima,1989,10,,,21,Alain Prost
Satoru Nakajima,1989,14,,,21,Alain Prost
Satoru Nakajima,1988,16,,,16,Ayrton Senna
Satoru Nakajima,1987,5,,,12,Nelson Piquet
Satoru Nakajima,1987,14,,,12,Nelson Piquet
Emanuele Pirro,1991,15,,,18,Ayrton Senna
Emanuele Pirro,1990,5,,,26,Ayrton Senna
Emanuele Pirro,1990,9,,,26,Ayrton Senna
Emanuele Pirro,1989,15,,,23,Alain Prost
Stefan Johansson,1987,14,,,6,Nelson Piquet
Stefan Johansson,1986,6,,,5,Alain Prost
Stefan Johansson,1985,4,,,7,Alain Prost
Stefan Johansson,1985,8,,,7,Alain Prost
Julian Bailey,1988,5,,,26,Ayrton Senna
Alessandro Nannini,1990,8,,,8,Ayrton Senna
Alessandro Nannini,1990,10,,,8,Ayrton Senna
Alessandro Nannini,1987,16,,,26,Nelson Piquet
Alessandro Nannini,1986,3,,,29,Alain Prost
Alessandro Nannini,1986,8,,,29,Alain Prost
Alessandro Nannini,1986,16,,,29,Alain Prost
Paolo Barilla,1990,11,,,28,Ayrton Senna
Gregor Foitek,1990,4,7.0,-15.0,22,Ayrton Senna
Bruno Giacomelli,1982,3,,,22,Keke Rosberg
Bruno Giacomelli,1982,5,,,22,Keke Rosberg
Bruno Giacomelli,1982,7,,,22,Keke Rosberg
Bruno Giacomelli,1982,8,,,22,Keke Rosberg
Bruno Giacomelli,1982,13,,,22,Keke Rosberg
Bruno Giacomelli,1981,4,,,15,Nelson Piquet
Bruno Giacomelli,1981,6,,,15,Nelson Piquet
Bruno Giacomelli,1980,4,,,18,Alan Jones
Bruno Giacomelli,1980,6,,,18,Alan Jones
Bruno Giacomelli,1980,11,,,18,Alan Jones
Jaime Alguersuari,2009,12,,,24,Jenson Button
Jaime Alguersuari,2009,15,,,24,Jenson Button
Jaime Alguersuari,2011,6,,,14,Sebastian Vettel
Jaime Alguersuari,2011,12,,,14,Sebastian Vettel
Jaime Alguersuari,2011,14,21.0,7.0,14,Sebastian Vettel
Romain Grosjean,2009,12,,,23,Jenson Button
Romain Grosjean,2012,2,,,8,Sebastian Vettel
Romain Grosjean,2012,6,,,8,Sebastian Vettel
Romain Grosjean,2012,12,,,8,Sebastian Vettel
Romain Grosjean,2012,18,,,8,Sebastian Vettel
Romain Grosjean,2012,20,,,8,Sebastian Vettel
Romain Grosjean,2013,6,,,7,Sebastian Vettel
Romain Grosjean,2014,11,,,14,Lewis Hamilton
Romain Grosjean,2015,9,,,11,Lewis Hamilton
Romain Grosjean,2015,12,,,11,Lewis Hamilton
Romain Grosjean,2015,15,,,11,Lewis Hamilton
Romain Grosjean,2017,4,,,13,Lewis Hamilton
Romain Grosjean,2018,4,,,14,Lewis Hamilton
Romain Grosjean,2018,5,,,14,Lewis Hamilton
Romain Grosjean,2018,10,,,14,Lewis Hamilton
Romain Grosjean,2018,18,,,14,Lewis Hamilton
Romain Grosjean,2019,10,,,18,Lewis Hamilton
Romain Grosjean,2019,16,,,18,Lewis Hamilton
Romain Grosjean,2020,14,,,19,Lewis Hamilton
Romain Grosjean,2020,15,,,19,Lewis Hamilton
Kamui Kobayashi,2010,2,,,12,Sebastian Vettel
Kamui Kobayashi,2010,4,,,12,Sebastian Vettel
Kamui Kobayashi,2010,8,,,12,Sebastian Vettel
Kamui Kobayashi,2010,15,,,12,Sebastian Vettel
Kamui Kobayashi,2011,17,,,12,Sebastian Vettel
Kamui Kobayashi,2012,6,,,12,Sebastian Vettel
Kamui Kobayashi,2012,8,,,12,Sebastian Vettel
Kamui Kobayashi,2012,16,,,12,Sebastian Vettel
Jonathan Palmer,1987,3,,,11,Nelson Piquet
Jonathan Palmer,1987,13,,,11,Nelson Piquet
Jonathan Palmer,1986,2,,,22,Alain Prost
Jonathan Palmer,1984,10,,,27,Niki Lauda
Christian Danner,1987,12,,,23,Nelson Piquet
Christian Danner,1987,14,,,23,Nelson Piquet
Christian Danner,1986,9,,,18,Alain Prost
Eddie Cheever,1985,15,,,26,Alain Prost
Eddie Cheever,1984,10,,,16,Niki Lauda
Eddie Cheever,1981,4,,,12,Nelson Piquet
Luis Pérez-Sala,1989,10,,,28,Alain Prost
Luis Pérez-Sala,1989,15,,,28,Alain Prost
Piercarlo Ghinzani,1989,16,,,37,Alain Prost
Piercarlo Ghinzani,1986,8,,,27,Alain Prost
Piercarlo Ghinzani,1986,9,,,27,Alain Prost
Piercarlo Ghinzani,1985,6,,,27,Alain Prost
Piercarlo Ghinzani,1985,8,,,27,Alain Prost
Piercarlo Ghinzani,1985,13,,,27,Alain Prost
Piercarlo Ghinzani,1984,8,,,19,Niki Lauda
Piercarlo Ghinzani,1984,15,,,19,Niki Lauda
René Arnoux,1989,11,,,24,Alain Prost
René Arnoux,1989,16,,,24,Alain Prost
René Arnoux,1988,4,,,28,Ayrton Senna
René Arnoux,1988,11,,,28,Ayrton Senna
René Arnoux,1988,16,,,28,Ayrton Senna
René Arnoux,1987,13,,,20,Nelson Piquet
René Arnoux,1986,7,,,10,Alain Prost
René Arnoux,1984,8,,,6,Niki Lauda
René Arnoux,1982,2,,,6,Keke Rosberg
René Arnoux,1982,3,,,6,Keke Rosberg
René Arnoux,1982,10,,,6,Keke Rosberg
René Arnoux,1981,2,,,9,Nelson Piquet
René Arnoux,1981,14,,,9,Nelson Piquet
René Arnoux,1980,6,,,6,Alan Jones
René Arnoux,1979,7,,,8,Jody Scheckter
René Arnoux,1979,14,,,8,Jody Scheckter
Philippe Streiff,1988,10,,,21,Ayrton Senna
Philippe Streiff,1987,4,,,15,Nelson Piquet
Philippe Streiff,1987,10,,,15,Nelson Piquet
Philippe Streiff,1985,15,,,15,Alain Prost
Adrián Campos,1987,5,,,28,Nelson Piquet
Adrián Campos,1987,12,,,28,Nelson Piquet
Teo Fabi,1987,5,,,9,Nelson Piquet
Teo Fabi,1986,10,,,16,Alain Prost
Teo Fabi,1982,10,,,35,Keke Rosberg
Jacques Laffite,1986,9,,,8,Alain Prost
Jacques Laffite,1985,10,,,9,Alain Prost
Jacques Laffite,1985,13,11.0,2.0,9,Alain Prost
Jacques Laffite,1981,12,,,4,Nelson Piquet
Jacques Laffite,1979,3,,,4,Jody Scheckter
Jacques Laffite,1978,6,5.0,-3.0,8,Mario Andretti
Jacques Laffite,1977,2,,,10,Niki Lauda
Jacques Laffite,1977,3,,,10,Niki Lauda
Jacques Laffite,1976,6,12.0,4.0,8,James Hunt
Elio de Angelis,1983,11,,,18,Nelson Piquet
Elio de Angelis,1982,2,,,9,Keke Rosberg
Elio de Angelis,1980,4,,,7,Alan Jones
Elio de Angelis,1980,6,9.0,2.0,7,Alan Jones
Elio de Angelis,1980,11,,,7,Alan Jones
Elio de Angelis,1979,3,,,15,Jody Scheckter
Elio de Angelis,1979,6,,,15,Jody Scheckter
Johnny Dumfries,1986,6,,,13,Alain Prost
Patrick Tambay,1986,4,,,15,Alain Prost
Patrick Tambay,1986,5,,,15,Alain Prost
Patrick Tambay,1986,6,,,15,Alain Prost
Patrick Tambay,1986,13,,,15,Alain Prost
Patrick Tambay,1986,15,,,15,Alain Prost
Patrick Tambay,1985,4,,,12,Alain Prost
Patrick Tambay,1985,6,,,12,Alain Prost
Patrick Tambay,1984,4,,,11,Niki Lauda
Patrick Tambay,1984,6,,,11,Niki Lauda
Patrick Tambay,1983,2,,,4,Nelson Piquet
Patrick Tambay,1981,12,,,19,Nelson Piquet
Patrick Tambay,1981,15,,,19,Nelson Piquet
Patrick Tambay,1979,2,,,23,Jody Scheckter
Patrick Tambay,1979,4,,,23,Jody Scheckter
Patrick Tambay,1978,3,,,14,Mario Andretti
Patrick Tambay,1978,4,12.0,-2.0,14,Mario Andretti
Patrick Tambay,1978,11,,,14,Mario Andretti
Patrick Tambay,1978,12,,,14,Mario Andretti
Marc Surer,1984,5,,,20,Niki Lauda
Marc Surer,1984,8,,,20,Niki Lauda
Marc Surer,1984,15,,,20,Niki Lauda
Marc Surer,1983,5,,,15,Nelson Piquet
Marc Surer,1983,11,,,15,Nelson Piquet
Marc Surer,1980,3,,,22,Alan Jones
Keke Rosberg,1984,15,,,8,Niki Lauda
Keke Rosberg,1982,6,,,1,Keke Rosberg
Keke Rosberg,1980,3,,,10,Alan Jones
Keke Rosberg,1979,15,,,29,Jody Scheckter
Keke Rosberg,1978,13,,,29,Mario Andretti
Alan Jones,1986,2,,,12,Alain Prost
Alan Jones,1986,4,,,12,Alain Prost
Alan Jones,1986,8,,,12,Alain Prost
Alan Jones,1981,5,,,3,Nelson Piquet
Alan Jones,1981,8,17.0,14.0,3,Nelson Piquet
Alan Jones,1981,9,,,3,Nelson Piquet
Alan Jones,1980,4,,,1,Alan Jones
Alan Jones,1978,12,,,11,Mario Andretti
Alan Jones,1977,5,,,7,Niki Lauda
Alan Jones,1977,11,,,7,Niki Lauda
Alan Jones,1977,15,,,7,Niki Lauda
Alan Jones,1976,6,,,15,James Hunt
Alan Jones,1976,11,,,15,James Hunt
Alan Jones,1975,6,,,17,Niki Lauda
Huub Rothengatter,1986,8,,,23,Alain Prost
Allen Berg,1986,9,,,28,Alain Prost
Manfred Winkelhock,1985,5,,,30,Alain Prost
Manfred Winkelhock,1983,5,,,26,Nelson Piquet
Manfred Winkelhock,1983,7,,,26,Nelson Piquet
Manfred Winkelhock,1982,3,,,24,Keke Rosberg
Niki Lauda,1985,16,,,10,Alain Prost
Niki Lauda,1982,2,,,5,Keke Rosberg
Niki Lauda,1982,7,,,5,Keke Rosberg
Niki Lauda,1979,4,,,14,Jody Scheckter
Niki Lauda,1979,7,,,14,Jody Scheckter
Niki Lauda,1978,6,,,4,Mario Andretti
Niki Lauda,1978,12,,,4,Mario Andretti
Niki Lauda,1976,10,,,2,James Hunt
Niki Lauda,1975,4,,,1,Niki Lauda
Niki Lauda,1974,11,,,4,Emerson Fittipaldi
Niki Lauda,1974,14,,,4,Emerson Fittipaldi
Niki Lauda,1973,11,,,17,Jackie Stewart
Niki Lauda,1973,13,,,17,Jackie Stewart
François Hesnault,1984,4,,,23,Niki Lauda
François Hesnault,1984,8,,,23,Niki Lauda
François Hesnault,1984,9,,,23,Niki Lauda
Mauro Baldi,1982,7,,,25,Keke Rosberg
Mauro Baldi,1982,11,,,25,Keke Rosberg
Stefan Bellof,1984,8,,,32,Niki Lauda
John Watson,1983,6,,,6,Nelson Piquet
John Watson,1981,13,,,6,Nelson Piquet
John Watson,1979,13,,,9,Jody Scheckter
John Watson,1978,6,,,6,Mario Andretti
John Watson,1978,16,,,6,Mario Andretti
John Watson,1977,2,,,13,Niki Lauda
John Watson,1977,7,,,13,Niki Lauda
John Watson,1977,14,,,13,Niki Lauda
John Watson,1976,7,,,7,James Hunt
John Watson,1975,10,11.0,-12.0,23,Niki Lauda
Jo Gartner,1984,10,,,21,Niki Lauda
Mike Thackwell,1980,13,,,34,Alan Jones
Chico Serra,1982,10,,,26,Keke Rosberg
Chico Serra,1981,2,,,25,Nelson Piquet
Danny Sullivan,1983,4,,,17,Nelson Piquet
Danny Sullivan,1983,11,,,17,Nelson Piquet
Eliseo Salazar,1982,3,,,23,Keke Rosberg
Eliseo Salazar,1982,5,,,23,Keke Rosberg
Eliseo Salazar,1982,12,,,23,Keke Rosberg
Roberto Guerrero,1982,7,,,31,Keke Rosberg
Raul Boesel,1983,5,,,24,Nelson Piquet
Raul Boesel,1982,7,,,30,Keke Rosberg
Jean-Pierre Jarier,1983,2,,,22,Nelson Piquet
Jean-Pierre Jarier,1983,6,,,22,Nelson Piquet
Jean-Pierre Jarier,1982,10,,,20,Keke Rosberg
Jean-Pierre Jarier,1982,16,,,20,Keke Rosberg
Jean-Pierre Jarier,1981,14,,,22,Nelson Piquet
Jean-Pierre Jarier,1980,4,,,13,Alan Jones
Jean-Pierre Jarier,1980,6,,,13,Alan Jones
Jean-Pierre Jarier,1979,15,,,11,Jody Scheckter
Jean-Pierre Jarier,1977,9,,,19,Niki Lauda
Jean-Pierre Jarier,1975,5,,,18,Niki Lauda
Jean-Pierre Jarier,1975,10,14.0,-4.0,18,Niki Lauda
Jean-Pierre Jarier,1973,5,,,31,Jackie Stewart
Jean-Pierre Jarier,1973,15,11.0,-20.0,31,Jackie Stewart
Carlos Reutemann,1982,2,,,16,Keke Rosberg
Carlos Reutemann,1981,12,,,2,Nelson Piquet
Carlos Reutemann,1979,10,,,7,Jody Scheckter
Carlos Reutemann,1978,7,,,3,Mario Andretti
Carlos Reutemann,1977,4,,,4,Niki Lauda
Carlos Reutemann,1977,7,,,4,Niki Lauda
Carlos Reutemann,1976,3,,,16,James Hunt
Carlos Reutemann,1976,6,,,16,James Hunt
Jochen Mass,1978,11,,,24,Mario Andretti
Jochen Mass,1977,2,,,6,Niki Lauda
Jochen Mass,1977,7,,,6,Niki Lauda
Jochen Mass,1977,13,,,6,Niki Lauda
Jochen Mass,1976,16,,,9,James Hunt
Jochen Mass,1975,6,,,8,Niki Lauda
Jochen Mass,1975,8,,,8,Niki Lauda
Jochen Mass,1975,10,7.0,-1.0,8,Niki Lauda
Jochen Mass,1975,11,,,8,Niki Lauda
Jochen Mass,1975,13,,,8,Niki Lauda
Didier Pironi,1982,12,,,2,Keke Rosberg
Didier Pironi,1981,2,,,13,Nelson Piquet
Didier Pironi,1981,12,,,13,Nelson Piquet
Didier Pironi,1980,6,,,5,Alan Jones
Didier Pironi,1980,11,,,5,Alan Jones
Didier Pironi,1979,7,,,10,Jody Scheckter
Didier Pironi,1978,8,,,15,Mario Andretti
Didier Pironi,1978,12,,,15,Mario Andretti
Didier Pironi,1978,13,,,15,Mario Andretti
Didier Pironi,1978,14,,,15,Mario Andretti
Gilles Villeneuve,1982,5,,,15,Keke Rosberg
Gilles Villeneuve,1981,11,,,7,Nelson Piquet
Gilles Villeneuve,1981,12,,,7,Nelson Piquet
Gilles Villeneuve,1980,14,,,14,Alan Jones
Gilles Villeneuve,1978,4,,,9,Mario Andretti
Gilles Villeneuve,1978,5,,,9,Mario Andretti
Gilles Villeneuve,1977,17,,,36,Niki Lauda
Brian Henton,1982,15,,,27,Keke Rosberg
Brian Henton,1975,12,,,41,Niki Lauda
Derek Daly,1982,13,,,13,Keke Rosberg
Derek Daly,1982,15,,,13,Keke Rosberg
Derek Daly,1980,6,,,12,Alan Jones
Derek Daly,1980,12,,,12,Alan Jones
Derek Daly,1980,13,,,12,Alan Jones
Derek Daly,1979,4,,,26,Jody Scheckter
Mario Andretti,1981,2,,,17,Nelson Piquet
Mario Andretti,1981,6,,,17,Nelson Piquet
Mario Andretti,1981,12,,,17,Nelson Piquet
Mario Andretti,1980,4,,,20,Alan Jones
Mario Andretti,1978,12,,,1,Mario Andretti
Mario Andretti,1977,3,,,3,Niki Lauda
Mario Andretti,1977,7,,,3,Niki Lauda
Mario Andretti,1977,17,,,3,Niki Lauda
Mario Andretti,1976,13,,,6,James Hunt
Mario Andretti,1975,12,,,14,Niki Lauda
Mario Andretti,1975,13,,,14,Niki Lauda
Mario Andretti,1970,9,,,16,Jochen Rindt
Mario Andretti,1969,7,,,26,Jackie Stewart
Emilio de Villota,1977,12,17.0,-23.0,40,Niki Lauda
Geoff Lees,1980,11,,,28,Alan Jones
Rupert Keegan,1978,2,,,30,Mario Andretti
Rupert Keegan,1978,4,,,30,Mario Andretti
Rupert Keegan,1977,7,,,22,Niki Lauda
Rupert Keegan,1977,10,,,22,Niki Lauda
Rupert Keegan,1977,11,,,22,Niki Lauda
Rupert Keegan,1977,13,,,22,Niki Lauda
Rupert Keegan,1977,16,,,22,Niki Lauda
Hector Rebaque,1981,5,,,10,Nelson Piquet
Hector Rebaque,1979,4,,,22,Jody Scheckter
Hector Rebaque,1978,12,,,21,Mario Andretti
Beppe Gabbiani,1981,4,,,34,Nelson Piquet
Miguel Ángel Guerra,1981,4,,,35,Nelson Piquet
Siegfried Stohr,1981,2,,,24,Nelson Piquet
Siegfried Stohr,1981,5,,,24,Nelson Piquet
Ricardo Zunino,1980,4,,,23,Alan Jones
Patrick Depailler,1979,3,,,6,Jody Scheckter
Patrick Depailler,1979,6,,,6,Jody Scheckter
Patrick Depailler,1978,2,,,5,Mario Andretti
Patrick Depailler,1978,11,,,5,Mario Andretti
Patrick Depailler,1977,2,,,9,Niki Lauda
Patrick Depailler,1977,9,,,9,Niki Lauda
Patrick Depailler,1976,4,,,4,James Hunt
Patrick Depailler,1976,10,,,4,James Hunt
Patrick Depailler,1975,4,,,9,Niki Lauda
Patrick Depailler,1975,10,9.0,0.0,9,Niki Lauda
Patrick Depailler,1975,14,,,9,Niki Lauda
Patrick Depailler,1974,11,,,9,Emerson Fittipaldi
Patrick Depailler,1974,12,,,9,Emerson Fittipaldi
Jody Scheckter,1978,2,,,7,Mario Andretti
Jody Scheckter,1978,4,,,7,Mario Andretti
Jody Scheckter,1978,12,,,7,Mario Andretti
Jody Scheckter,1977,8,,,2,Niki Lauda
Jody Scheckter,1977,9,,,2,Niki Lauda
Jody Scheckter,1975,10,3.0,-4.0,7,Niki Lauda
Jody Scheckter,1975,11,,,7,Niki Lauda
Jody Scheckter,1973,8,,,29,Jackie Stewart
Jody Scheckter,1973,9,,,29,Jackie Stewart
Jody Scheckter,1973,14,,,29,Jackie Stewart
Clay Regazzoni,1980,4,,,25,Alan Jones
Clay Regazzoni,1979,6,,,5,Jody Scheckter
Clay Regazzoni,1979,12,,,5,Jody Scheckter
Clay Regazzoni,1979,15,,,5,Jody Scheckter
Clay Regazzoni,1977,2,,,17,Niki Lauda
Clay Regazzoni,1977,5,,,17,Niki Lauda
Clay Regazzoni,1977,12,,,17,Niki Lauda
Clay Regazzoni,1977,16,,,17,Niki Lauda
Clay Regazzoni,1976,6,14.0,9.0,5,James Hunt
Clay Regazzoni,1975,5,,,5,Niki Lauda
Clay Regazzoni,1973,3,,,18,Jackie Stewart
Clay Regazzoni,1973,5,10.0,-8.0,18,Jackie Stewart
Clay Regazzoni,1972,4,,,7,Emerson Fittipaldi
Clay Regazzoni,1972,5,,,7,Emerson Fittipaldi
Clay Regazzoni,1972,10,,,7,Emerson Fittipaldi
Clay Regazzoni,1971,3,,,7,Jackie Stewart
Clay Regazzoni,1971,5,,,7,Jackie Stewart
Clay Regazzoni,1971,10,,,7,Jackie Stewart
Emerson Fittipaldi,1980,12,,,15,Alan Jones
Emerson Fittipaldi,1978,6,,,10,Mario Andretti
Emerson Fittipaldi,1978,16,,,10,Mario Andretti
Emerson Fittipaldi,1976,11,,,17,James Hunt
Emerson Fittipaldi,1973,8,,,2,Jackie Stewart
Harald Ertl,1978,12,,,31,Mario Andretti
Harald Ertl,1976,10,,,21,James Hunt
Harald Ertl,1976,14,,,21,James Hunt
Vittorio Brambilla,1978,8,,,19,Mario Andretti
Vittorio Brambilla,1978,14,,,19,Mario Andretti
Vittorio Brambilla,1977,2,,,16,Niki Lauda
Vittorio Brambilla,1977,4,,,16,Niki Lauda
Vittorio Brambilla,1977,5,,,16,Niki Lauda
Vittorio Brambilla,1977,13,12.0,-4.0,16,Niki Lauda
Vittorio Brambilla,1977,14,,,16,Niki Lauda
Vittorio Brambilla,1977,16,6.0,-10.0,16,Niki Lauda
Vittorio Brambilla,1976,3,,,19,James Hunt
Vittorio Brambilla,1976,9,,,19,James Hunt
Vittorio Brambilla,1976,10,,,19,James Hunt
Vittorio Brambilla,1976,11,,,19,James Hunt
Vittorio Brambilla,1975,5,,,11,Niki Lauda
Vittorio Brambilla,1974,6,,,20,Emerson Fittipaldi
Vittorio Brambilla,1974,13,,,20,Emerson Fittipaldi
James Hunt,1979,6,,,27,Jody Scheckter
James Hunt,1978,4,,,13,Mario Andretti
James Hunt,1978,6,,,13,Mario Andretti
James Hunt,1978,10,,,13,Mario Andretti
James Hunt,1978,12,,,13,Mario Andretti
James Hunt,1977,13,,,5,Niki Lauda
James Hunt,1977,16,,,5,Niki Lauda
James Hunt,1976,3,,,1,James Hunt
James Hunt,1975,4,,,4,Niki Lauda
James Hunt,1975,5,,,4,Niki Lauda
James Hunt,1975,10,4.0,0.0,4,Niki Lauda
James Hunt,1974,5,,,8,Emerson Fittipaldi
James Hunt,1974,8,,,8,Emerson Fittipaldi
James Hunt,1974,9,,,8,Emerson Fittipaldi
James Hunt,1973,13,,,8,Jackie Stewart
Arturo Merzario,1976,11,,,26,James Hunt
Arturo Merzario,1976,12,,,26,James Hunt
Arturo Merzario,1976,14,,,26,James Hunt
Arturo Merzario,1976,15,,,26,James Hunt
Arturo Merzario,1974,4,,,17,Emerson Fittipaldi
Arturo Merzario,1974,6,,,17,Emerson Fittipaldi
Hans-Joachim Stuck,1979,3,,,19,Jody Scheckter
Hans-Joachim Stuck,1979,14,,,19,Jody Scheckter
Hans-Joachim Stuck,1978,4,,,18,Mario Andretti
Hans-Joachim Stuck,1978,5,,,18,Mario Andretti
Hans-Joachim Stuck,1978,11,,,18,Mario Andretti
Hans-Joachim Stuck,1978,12,,,18,Mario Andretti
Hans-Joachim Stuck,1978,14,,,18,Mario Andretti
Hans-Joachim Stuck,1978,16,,,18,Mario Andretti
Hans-Joachim Stuck,1977,9,,,11,Niki Lauda
Hans-Joachim Stuck,1977,15,,,11,Niki Lauda
Hans-Joachim Stuck,1976,3,,,13,James Hunt
Hans-Joachim Stuck,1976,9,,,13,James Hunt
Hans-Joachim Stuck,1976,13,,,13,James Hunt
Hans-Joachim Stuck,1975,12,,,25,Niki Lauda
Hans-Joachim Stuck,1975,13,,,25,Niki Lauda
Hans-Joachim Stuck,1974,6,,,16,Emerson Fittipaldi
Hans-Joachim Stuck,1974,8,,,16,Emerson Fittipaldi
Hans-Joachim Stuck,1974,10,,,16,Emerson Fittipaldi
Jacky Ickx,1976,15,,,23,James Hunt
Jacky Ickx,1974,12,,,10,Emerson Fittipaldi
Jacky Ickx,1973,3,,,9,Jackie Stewart
Jacky Ickx,1971,7,,,4,Jackie Stewart
Jacky Ickx,1970,2,,,2,Jochen Rindt
Jacky Ickx,1968,10,,,4,Graham Hill
Ronnie Peterson,1978,2,,,2,Mario Andretti
Ronnie Peterson,1978,14,,,2,Mario Andretti
Ronnie Peterson,1977,2,,,14,Niki Lauda
Ronnie Peterson,1977,17,,,14,Niki Lauda
Ronnie Peterson,1976,2,,,11,James Hunt
Ronnie Peterson,1976,5,,,11,James Hunt
Ronnie Peterson,1976,6,,,11,James Hunt
Ronnie Peterson,1976,10,,,11,James Hunt
Ronnie Peterson,1974,3,,,5,Emerson Fittipaldi
Ronnie Peterson,1973,5,,,3,Jackie Stewart
Ronnie Peterson,1972,11,,,9,Emerson Fittipaldi
Brett Lunger,1978,14,,,22,Mario Andretti
Brett Lunger,1977,4,,,29,Niki Lauda
Brett Lunger,1977,11,,,29,Niki Lauda
Brett Lunger,1976,10,,,30,James Hunt
Brett Lunger,1976,11,10.0,-20.0,30,James Hunt
Brett Lunger,1975,14,,,29,Niki Lauda
Rolf Stommelen,1975,4,,,22,Niki Lauda
Rolf Stommelen,1975,13,,,22,Niki Lauda
Rolf Stommelen,1972,3,,,30,Emerson Fittipaldi
Rolf Stommelen,1971,9,,,20,Jackie Stewart
Hans Binder,1977,16,,,28,Niki Lauda
Hans Binder,1977,17,,,28,Niki Lauda
Carlos Pace,1977,2,,,15,Niki Lauda
Carlos Pace,1976,11,,,14,James Hunt
Carlos Pace,1976,15,,,14,James Hunt
Carlos Pace,1975,4,,,6,Niki Lauda
Carlos Pace,1975,10,2.0,-4.0,6,Niki Lauda
Carlos Pace,1975,14,,,6,Niki Lauda
Carlos Pace,1974,6,,,12,Emerson Fittipaldi
Carlos Pace,1973,3,,,11,Jackie Stewart
Carlos Pace,1973,9,,,11,Jackie Stewart
Carlos Pace,1972,10,,,18,Emerson Fittipaldi
Ian Scheckter,1977,7,,,33,Niki Lauda
Ian Scheckter,1977,10,,,33,Niki Lauda
Ian Scheckter,1977,12,,,33,Niki Lauda
Ian Scheckter,1977,15,,,33,Niki Lauda
Tom Pryce,1977,3,,,43,Niki Lauda
Tom Pryce,1975,2,,,10,Niki Lauda
Tom Pryce,1975,4,,,10,Niki Lauda
Tom Pryce,1975,5,,,10,Niki Lauda
Tom Pryce,1975,10,,,10,Niki Lauda
Tom Pryce,1974,8,,,19,Emerson Fittipaldi
Tom Pryce,1974,9,,,19,Emerson Fittipaldi
Gunnar Nilsson,1977,13,,,8,Niki Lauda
Gunnar Nilsson,1977,15,,,8,Niki Lauda
Gunnar Nilsson,1977,16,,,8,Niki Lauda
Gunnar Nilsson,1976,5,,,10,James Hunt
Gunnar Nilsson,1976,7,,,10,James Hunt
Gunnar Nilsson,1976,12,,,10,James Hunt
Larry Perkins,1976,12,,,24,James Hunt
David Purley,1977,9,,,39,Niki Lauda
Jackie Oliver,1973,5,,,14,Jackie Stewart
Jackie Oliver,1973,9,,,14,Jackie Stewart
Jackie Oliver,1973,10,,,14,Jackie Stewart
Jackie Oliver,1970,2,,,20,Jochen Rindt
Jackie Oliver,1969,3,,,17,Jackie Stewart
Guy Edwards,1976,9,,,39,James Hunt
Vern Schuppan,1974,6,,,44,Emerson Fittipaldi
Loris Kessel,1976,7,,,36,James Hunt
Lella Lombardi,1975,13,,,21,Niki Lauda
Chris Amon,1976,5,,,18,James Hunt
Chris Amon,1976,7,,,18,James Hunt
Chris Amon,1976,14,,,18,James Hunt
Chris Amon,1971,7,,,11,Jackie Stewart
Chris Amon,1968,8,,,10,Graham Hill
Chris Amon,1968,9,,,10,Graham Hill
Chris Amon,1963,6,,,18,Jim Clark
Henri Pescarolo,1974,5,,,29,Emerson Fittipaldi
Henri Pescarolo,1972,4,,,27,Emerson Fittipaldi
Henri Pescarolo,1972,7,,,27,Emerson Fittipaldi
Henri Pescarolo,1972,8,,,27,Emerson Fittipaldi
Henri Pescarolo,1970,7,,,12,Jochen Rindt
Mark Donohue,1975,4,,,15,Niki Lauda
Mark Donohue,1975,5,,,15,Niki Lauda
Mark Donohue,1975,10,5.0,-10.0,15,Niki Lauda
Mark Donohue,1975,12,,,15,Niki Lauda
Graham Hill,1971,3,,,21,Jackie Stewart
Graham Hill,1971,6,,,21,Jackie Stewart
Graham Hill,1971,10,,,21,Jackie Stewart
Graham Hill,1969,2,,,7,Jackie Stewart
Graham Hill,1969,10,,,7,Jackie Stewart
Graham Hill,1968,5,9.0,8.0,1,Graham Hill
Graham Hill,1966,2,,,5,Jack Brabham
Graham Hill,1961,6,,,16,Phil Hill
Graham Hill,1960,6,,,15,Jack Brabham
Graham Hill,1959,7,,,25,Jack Brabham
Wilson Fittipaldi,1975,10,19.0,-8.0,27,Niki Lauda
Wilson Fittipaldi,1973,7,,,16,Jackie Stewart
Wilson Fittipaldi,1973,10,,,16,Jackie Stewart
Tony Brise,1975,10,15.0,-4.0,19,Niki Lauda
Tony Brise,1975,11,,,19,Niki Lauda
Tony Brise,1975,13,,,19,Niki Lauda
Tony Brise,1975,14,,,19,Niki Lauda
François Migault,1974,6,,,38,Emerson Fittipaldi
Denny Hulme,1974,6,,,7,Emerson Fittipaldi
Denny Hulme,1974,11,,,7,Emerson Fittipaldi
Denny Hulme,1971,11,,,13,Jackie Stewart
Denny Hulme,1968,11,,,3,Graham Hill
Denny Hulme,1966,2,,,4,Jack Brabham
Mike Hailwood,1974,6,,,11,Emerson Fittipaldi
Mike Hailwood,1974,11,15.0,4.0,11,Emerson Fittipaldi
Mike Hailwood,1973,3,,,22,Jackie Stewart
Mike Hailwood,1973,5,,,22,Jackie Stewart
Mike Hailwood,1973,9,,,22,Jackie Stewart
Mike Hailwood,1972,4,,,8,Emerson Fittipaldi
Mike Hailwood,1972,12,17.0,9.0,8,Emerson Fittipaldi
Mike Hailwood,1971,11,15.0,-3.0,18,Jackie Stewart
Jean-Pierre Beltoise,1974,6,,,13,Emerson Fittipaldi
Jean-Pierre Beltoise,1973,6,,,10,Jackie Stewart
Jean-Pierre Beltoise,1973,9,,,10,Jackie Stewart
Jean-Pierre Beltoise,1971,10,,,22,Jackie Stewart
Jean-Pierre Beltoise,1968,3,,,9,Graham Hill
Jean-Pierre Beltoise,1968,8,,,9,Graham Hill
Howden Ganley,1973,5,,,19,Jackie Stewart
Howden Ganley,1972,4,,,13,Emerson Fittipaldi
Howden Ganley,1971,10,,,15,Jackie Stewart
Peter Revson,1973,5,,,5,Jackie Stewart
Peter Revson,1964,6,14.0,-13.0,27,John Surtees
Brian Redman,1974,6,,,24,Emerson Fittipaldi
Tim Schenken,1974,6,,,32,Emerson Fittipaldi
Tim Schenken,1972,4,,,19,Emerson Fittipaldi
Reine Wisell,1972,3,,,31,Emerson Fittipaldi
Peter Gethin,1972,4,,,21,Emerson Fittipaldi
Peter Gethin,1971,3,,,9,Jackie Stewart
Peter Gethin,1971,7,,,9,Jackie Stewart
François Cevert,1973,14,,,4,Jackie Stewart
François Cevert,1973,15,,,4,Jackie Stewart
François Cevert,1971,3,,,3,Jackie Stewart
François Cevert,1971,4,,,3,Jackie Stewart
Jackie Stewart,1972,3,,,2,Emerson Fittipaldi
Jackie Stewart,1972,8,11.0,9.0,2,Emerson Fittipaldi
Jackie Stewart,1969,9,,,1,Jackie Stewart
Jackie Stewart,1966,2,,,7,Jack Brabham
Mike Beuttler,1973,5,11.0,-12.0,23,Jackie Stewart
Mike Beuttler,1973,12,,,23,Jackie Stewart
George Follmer,1973,9,,,13,Jackie Stewart
George Follmer,1973,11,,,13,Jackie Stewart
Andrea de Adamich,1973,9,,,15,Jackie Stewart
Andrea de Adamich,1972,7,,,17,Emerson Fittipaldi
Andrea de Adamich,1972,12,,,17,Emerson Fittipaldi
Roger Williamson,1973,10,,,38,Jackie Stewart
Alex Soler-Roig,1972,3,,,38,Emerson Fittipaldi
John Surtees,1968,9,,,8,Graham Hill
John Surtees,1961,4,,,12,Phil Hill
John Surtees,1961,7,,,12,Phil Hill
John Surtees,1960,10,,,12,Jack Brabham
Pedro Rodríguez,1970,7,,,7,Jochen Rindt
Pedro Rodríguez,1968,2,,,6,Graham Hill
Pedro Rodríguez,1968,3,,,6,Graham Hill
Jo Siffert,1970,6,,,26,Jochen Rindt
Jo Siffert,1969,11,,,9,Jackie Stewart
Jo Siffert,1967,9,,,12,Denny Hulme
Jo Siffert,1966,2,,,15,Jack Brabham
Jo Siffert,1964,7,,,10,John Surtees
Jo Siffert,1963,2,,,15,Jim Clark
Jo Bonnier,1966,2,,,18,Jack Brabham
Jo Bonnier,1958,8,,,20,Mike Hawthorn
Vic Elford,1969,7,,,14,Jackie Stewart
Vic Elford,1968,8,,,18,Graham Hill
Vic Elford,1968,9,,,18,Graham Hill
Silvio Moser,1969,9,,,16,Jackie Stewart
Jack Brabham,1970,10,,,6,Jochen Rindt
Jack Brabham,1969,3,,,10,Jackie Stewart
Jack Brabham,1963,3,,,7,Jim Clark
Jack Brabham,1963,10,13.0,6.0,7,Jim Clark
Jack Brabham,1962,2,8.0,-1.0,9,Graham Hill
Jack Brabham,1961,6,,,11,Phil Hill
Jack Brabham,1958,8,,,18,Mike Hawthorn
Jack Brabham,1957,4,,,23,Juan Fangio
Jochen Rindt,1969,2,,,4,Jackie Stewart
Jochen Rindt,1968,3,,,12,Graham Hill
Jochen Rindt,1966,5,,,3,Jack Brabham
Jochen Rindt,1965,4,,,13,Jim Clark
Johnny Servoz-Gavin,1968,6,,,14,Graham Hill
Johnny Servoz-Gavin,1968,10,,,14,Graham Hill
Bruce McLaren,1968,3,,,5,Graham Hill
Bruce McLaren,1968,5,,,5,Graham Hill
Bruce McLaren,1967,3,,,14,Denny Hulme
Bruce McLaren,1963,6,,,6,Jim Clark
Piers Courage,1970,5,,,33,Jochen Rindt
Piers Courage,1969,7,,,8,Jackie Stewart
Dan Gurney,1962,2,,,5,Graham Hill
Dan Gurney,1960,4,,,41,Jack Brabham
Richard Attwood,1965,3,14.0,-2.0,16,Jim Clark
Jim Clark,1966,6,,,6,Jack Brabham
Jim Clark,1961,7,,,7,Phil Hill
Mike Spence,1966,2,,,13,Jack Brabham
Lucien Bianchi,1968,5,,,17,Graham Hill
Lorenzo Bandini,1965,4,8.0,2.0,6,Jim Clark
Lorenzo Bandini,1963,6,,,10,Jim Clark
Lorenzo Bandini,1962,6,,,12,Graham Hill
Richie Ginther,1966,7,,,11,Jack Brabham
Richie Ginther,1962,2,,,8,Graham Hill
Mike Parkes,1967,4,,,18,Denny Hulme
Mike Parkes,1966,5,,,8,Jack Brabham
Mike Parkes,1966,6,,,8,Jack Brabham
Giancarlo Baghetti,1961,5,,,9,Phil Hill
Bob Bondurant,1966,2,,,14,Jack Brabham
John Taylor,1966,6,,,20,Jack Brabham
Trevor Taylor,1964,4,,,20,John Surtees
Trevor Taylor,1962,3,,,10,Graham Hill
Trevor Taylor,1962,6,,,10,Graham Hill
Phil Hill,1964,7,,,19,John Surtees
Phil Hill,1960,8,,,5,Jack Brabham
Phil Hill,1959,7,,,4,Jack Brabham
Innes Ireland,1964,4,,,14,John Surtees
Innes Ireland,1963,6,,,9,Jim Clark
Innes Ireland,1960,5,,,4,Jack Brabham
Paul Hawkins,1965,2,10.0,-12.0,22,Jim Clark
Tony Maggs,1964,2,,,13,John Surtees
Tony Maggs,1963,2,7.0,-1.0,8,Jim Clark
Maurice Trintignant,1962,2,,,20,Graham Hill
Maurice Trintignant,1960,6,,,28,Jack Brabham
Maurice Trintignant,1952,6,,,17,Alberto Ascari
Carel Godin de Beaufort,1962,8,,,17,Graham Hill
Willy Mairesse,1963,6,,,36,Jim Clark
Willy Mairesse,1962,3,,,14,Graham Hill
Willy Mairesse,1961,6,,,41,Phil Hill
Tony Settember,1963,2,8.0,-15.0,23,Jim Clark
Tony Settember,1963,6,,,23,Jim Clark
Jim Hall,1963,2,,,13,Jim Clark
Jackie Lewis,1962,4,,,21,Graham Hill
Wolfgang Seidel,1958,11,,,52,Mike Hawthorn
Roy Salvadori,1957,7,,,18,Juan Fangio
Gerry Ashmore,1961,7,,,36,Phil Hill
Stirling Moss,1960,5,,,3,Jack Brabham
Stirling Moss,1957,2,,,2,Juan Fangio
Wolfgang von Trips,1961,7,,,2,Phil Hill
Wolfgang von Trips,1958,10,,,11,Mike Hawthorn
Hans Herrmann,1959,6,,,49,Jack Brabham
Tony Brooks,1956,6,,,62,Juan Fangio
Henry Taylor,1961,5,,,26,Phil Hill
Olivier Gendebien,1958,11,,,26,Mike Hawthorn
Harry Schell,1958,10,,,6,Mike Hawthorn
Alan Stacey,1960,5,,,77,Jack Brabham
Chris Bristow,1960,5,,,79,Jack Brabham
Ron Flockhart,1957,4,,,52,Juan Fangio
Horace Gould,1957,5,,,35,Juan Fangio
Horace Gould,1957,7,,,35,Juan Fangio
Jean Behra,1952,3,,,11,Alberto Ascari
Fritz d'Orey,1959,5,,,34,Jack Brabham
Luigi Musso,1958,5,,,8,Mike Hawthorn
Luigi Musso,1958,6,,,8,Mike Hawthorn
Luigi Musso,1956,2,,,11,Juan Fangio
Luigi Musso,1956,7,,,11,Juan Fangio
Mike Hawthorn,1957,2,,,4,Juan Fangio
Juan Fangio,1953,4,,,2,Alberto Ascari
Paco Godia,1958,6,,,32,Mike Hawthorn
Peter Collins,1958,8,,,5,Mike Hawthorn
Peter Collins,1957,2,,,9,Juan Fangio
Peter Collins,1954,9,,,34,Juan Fangio
Gerino Gerini,1958,10,,,36,Mike Hawthorn
Stuart Lewis-Evans,1958,11,,,9,Mike Hawthorn
Alfonso de Portago,1956,7,,,15,Juan Fangio
Robert Manzon,1954,7,,,14,Juan Fangio
Robert Manzon,1952,6,,,6,Alberto Ascari
Louis Rosier,1950,2,,,4,Nino Farina
Toulo de Graffenried,1950,2,,,23,Nino Farina
Piero Taruffi,1952,3,,,3,Alberto Ascari
Nino Farina,1950,2,,,1,Nino Farina
Alberto Ascari,1955,2,,,49,Juan Fangio
Alberto Ascari,1953,9,,,1,Alberto Ascari
Karl Kling,1954,8,,,5,Juan Fangio
Johnny Claes,1953,4,,,53,Alberto Ascari
Johnny Claes,1951,4,,,26,Juan Fangio
Johnny Claes,1951,8,,,26,Juan Fangio
Prince Bira,1954,5,,,17,Juan Fangio
Onofre Marimón,1954,6,,,13,Juan Fangio
Onofre Marimón,1953,9,,,11,Alberto Ascari
Yves Cabantous,1951,6,,,17,Juan Fangio
Yves Cabantous,1951,8,,,17,Juan Fangio
Yves Cabantous,1950,4,,,14,Nino Farina
Luigi Fagioli,1950,2,,,3,Nino Farina
Cuth Harrison,1950,2,,,30,Nino Farina
Eugène Martin,1950,4,,,62,Nino Farina
Nico Hülkenberg,2010,2,,,14,Sebastian Vettel
Nico Hülkenberg,2010,16,,,14,Sebastian Vettel
Nico Hülkenberg,2012,18,,,11,Sebastian Vettel
Nico Hülkenberg,2013,7,,,10,Sebastian Vettel
Nico Hülkenberg,2014,11,,,9,Lewis Hamilton
Nico Hülkenberg,2015,13,,,10,Lewis Hamilton
Nico Hülkenberg,2015,15,,,10,Lewis Hamilton
Nico Hülkenberg,2015,16,,,10,Lewis Hamilton
Nico Hülkenberg,2016,4,,,9,Nico Rosberg
Nico Hülkenberg,2016,15,,,9,Nico Rosberg
Nico Hülkenberg,2016,18,,,9,Nico Rosberg
Nico Hülkenberg,2017,8,,,10,Lewis Hamilton
Nico Hülkenberg,2018,4,,,7,Lewis Hamilton
Nico Hülkenberg,2018,5,,,7,Lewis Hamilton
Nico Hülkenberg,2018,13,,,7,Lewis Hamilton
Nico Hülkenberg,2018,21,,,7,Lewis Hamilton
Nico Hülkenberg,2019,11,,,14,Lewis Hamilton
Nico Hülkenberg,2024,8,,,11,Max Verstappen
Vitaly Petrov,2010,16,,,13,Sebastian Vettel
Vitaly Petrov,2010,17,,,13,Sebastian Vettel
Vitaly Petrov,2011,2,17.0,7.0,10,Sebastian Vettel
Vitaly Petrov,2011,6,,,10,Sebastian Vettel
Vitaly Petrov,2011,13,,,10,Sebastian Vettel
Vitaly Petrov,2011,16,,,10,Sebastian Vettel
Lucas di Grassi,2010,17,,,24,Sebastian Vettel
Bruno Senna,2010,5,,,23,Sebastian Vettel
Bruno Senna,2010,15,,,23,Sebastian Vettel
Bruno Senna,2012,5,,,16,Sebastian Vettel
Bruno Senna,2012,20,,,16,Sebastian Vettel
Karun Chandhok,2010,6,14.0,-8.0,22,Sebastian Vettel
Pastor Maldonado,2011,6,18.0,-1.0,19,Sebastian Vettel
Pastor Maldonado,2012,6,,,15,Sebastian Vettel
Pastor Maldonado,2012,12,,,15,Sebastian Vettel
Pastor Maldonado,2012,20,,,15,Sebastian Vettel
Pastor Maldonado,2013,6,,,18,Sebastian Vettel
Pastor Maldonado,2015,5,,,14,Lewis Hamilton
Pastor Maldonado,2015,9,,,14,Lewis Hamilton
Pastor Maldonado,2015,12,,,14,Lewis Hamilton
Pastor Maldonado,2015,19,,,14,Lewis Hamilton
Paul di Resta,2011,7,18.0,5.0,13,Sebastian Vettel
Paul di Resta,2012,9,,,14,Sebastian Vettel
Paul di Resta,2012,20,19.0,5.0,14,Sebastian Vettel
Paul di Resta,2013,11,,,12,Sebastian Vettel
Paul di Resta,2013,12,,,12,Sebastian Vettel
Paul di Resta,2013,13,20.0,8.0,12,Sebastian Vettel
Sergio Pérez,2012,9,,,10,Sebastian Vettel
Sergio Pérez,2012,12,,,10,Sebastian Vettel
Sergio Pérez,2012,17,,,10,Sebastian Vettel
Sergio Pérez,2012,20,,,10,Sebastian Vettel
Sergio Pérez,2014,6,,,10,Lewis Hamilton
Sergio Pérez,2014,7,11.0,1.0,10,Lewis Hamilton
Sergio Pérez,2014,11,,,10,Lewis Hamilton
Sergio Pérez,2014,17,,,10,Lewis Hamilton
Sergio Pérez,2021,11,,,4,Max Verstappen
Sergio Pérez,2021,21,,,4,Max Verstappen
Sergio Pérez,2022,11,,,3,Max Verstappen
Sergio Pérez,2023,16,,,2,Max Verstappen
Sergio Pérez,2023,19,,,2,Max Verstappen
Sergio Pérez,2024,8,,,8,Max Verstappen
Sergio Pérez,2024,9,,,8,Max Verstappen
Sergio Pérez,2024,24,,,8,Max Verstappen
Jérôme d'Ambrosio,2011,2,,,24,Sebastian Vettel
Daniel Ricciardo,2013,6,,,14,Sebastian Vettel
Daniel Ricciardo,2013,13,,,14,Sebastian Vettel
Daniel Ricciardo,2017,11,,,5,Lewis Hamilton
Daniel Ricciardo,2018,4,,,6,Lewis Hamilton
Daniel Ricciardo,2019,4,,,9,Lewis Hamilton
Daniel Ricciardo,2019,16,,,9,Lewis Hamilton
Daniel Ricciardo,2022,21,,,11,Max Verstappen
Daniel Ricciardo,2024,4,,,17,Max Verstappen
Jean-Éric Vergne,2012,8,,,17,Sebastian Vettel
Jean-Éric Vergne,2012,14,,,17,Sebastian Vettel
Jean-Éric Vergne,2013,5,20.0,5.0,15,Sebastian Vettel
Max Chilton,2014,7,,,21,Lewis Hamilton
Max Chilton,2014,13,,,21,Lewis Hamilton
Esteban Gutiérrez,2013,3,,,16,Sebastian Vettel
Esteban Gutiérrez,2013,7,20.0,4.0,16,Sebastian Vettel
Esteban Gutiérrez,2014,3,,,20,Lewis Hamilton
Esteban Gutiérrez,2014,6,,,20,Lewis Hamilton
Esteban Gutiérrez,2014,9,,,20,Lewis Hamilton
Valtteri Bottas,2013,19,,,17,Sebastian Vettel
Valtteri Bottas,2015,15,12.0,7.0,5,Lewis Hamilton
Valtteri Bottas,2019,11,,,2,Lewis Hamilton
Valtteri Bottas,2021,2,,,3,Max Verstappen
Valtteri Bottas,2021,11,,,3,Max Verstappen
Valtteri Bottas,2022,14,,,10,Max Verstappen
Valtteri Bottas,2023,16,,,15,Max Verstappen
Valtteri Bottas,2024,24,,,22,Max Verstappen
Giedo van der Garde,2013,7,,,21,Sebastian Vettel
Giedo van der Garde,2013,15,,,21,Sebastian Vettel
Giedo van der Garde,2013,16,,,21,Sebastian Vettel
Jules Bianchi,2013,15,,,19,Sebastian Vettel
Jules Bianchi,2014,7,,,17,Lewis Hamilton
Jules Bianchi,2014,15,20.0,3.0,17,Lewis Hamilton
Kevin Magnussen,2016,13,,,16,Nico Rosberg
Kevin Magnussen,2017,19,,,14,Lewis Hamilton
Kevin Magnussen,2018,17,,,9,Lewis Hamilton
Kevin Magnussen,2019,10,,,16,Lewis Hamilton
Kevin Magnussen,2020,4,,,20,Lewis Hamilton
Kevin Magnussen,2020,9,,,20,Lewis Hamilton
Kevin Magnussen,2022,12,,,13,Max Verstappen
Kevin Magnussen,2022,21,,,13,Max Verstappen
Kevin Magnussen,2023,3,17.0,-2.0,19,Max Verstappen
Kevin Magnussen,2023,6,,,19,Max Verstappen
Kevin Magnussen,2023,19,,,19,Max Verstappen
Kevin Magnussen,2023,20,,,19,Max Verstappen
Kevin Magnussen,2024,8,,,15,Max Verstappen
Kevin Magnussen,2024,18,19.0,4.0,15,Max Verstappen
Daniil Kvyat,2015,16,,,7,Lewis Hamilton
Daniil Kvyat,2016,6,,,14,Nico Rosberg
Daniil Kvyat,2017,6,14.0,-5.0,19,Lewis Hamilton
Daniil Kvyat,2017,14,,,19,Lewis Hamilton
Daniil Kvyat,2019,3,,,13,Lewis Hamilton
Daniil Kvyat,2019,4,,,13,Lewis Hamilton
Daniil Kvyat,2020,4,,,14,Lewis Hamilton
Marcus Ericsson,2014,11,,,19,Lewis Hamilton
Marcus Ericsson,2015,15,,,18,Lewis Hamilton
Marcus Ericsson,2016,6,,,22,Nico Rosberg
Marcus Ericsson,2016,20,,,22,Nico Rosberg
Marcus Ericsson,2017,6,,,20,Lewis Hamilton
Marcus Ericsson,2017,14,,,20,Lewis Hamilton
Marcus Ericsson,2017,16,,,20,Lewis Hamilton
Marcus Ericsson,2018,10,,,17,Lewis Hamilton
Marcus Ericsson,2018,20,,,17,Lewis Hamilton
Max Verstappen,2015,6,,,12,Lewis Hamilton
Max Verstappen,2016,6,,,5,Nico Rosberg
Max Verstappen,2017,5,,,6,Lewis Hamilton
Max Verstappen,2017,9,,,6,Lewis Hamilton
Max Verstappen,2017,14,,,6,Lewis Hamilton
Max Verstappen,2018,4,,,4,Lewis Hamilton
Max Verstappen,2019,13,,,3,Lewis Hamilton
Max Verstappen,2020,9,,,3,Lewis Hamilton
Max Verstappen,2020,16,,,3,Lewis Hamilton
Max Verstappen,2021,6,,,1,Max Verstappen
Max Verstappen,2021,10,,,1,Max Verstappen
Max Verstappen,2021,14,,,1,Max Verstappen
Felipe Nasr,2016,14,,,17,Nico Rosberg
Carlos Sainz,2016,21,,,12,Nico Rosberg
Carlos Sainz,2017,3,,,9,Lewis Hamilton
Carlos Sainz,2017,7,,,9,Lewis Hamilton
Carlos Sainz,2017,10,,,9,Lewis Hamilton
Carlos Sainz,2017,16,,,9,Lewis Hamilton
Carlos Sainz,2018,10,,,10,Lewis Hamilton
Carlos Sainz,2019,2,,,6,Lewis Hamilton
Carlos Sainz,2020,9,,,6,Lewis Hamilton
Carlos Sainz,2020,10,,,6,Lewis Hamilton
Carlos Sainz,2022,4,,,5,Max Verstappen
Carlos Sainz,2022,18,,,5,Max Verstappen
Carlos Sainz,2022,19,,,5,Max Verstappen
Carlos Sainz,2023,12,,,7,Max Verstappen
Carlos Sainz,2024,9,,,5,Max Verstappen
Carlos Sainz,2024,21,,,5,Max Verstappen
Jolyon Palmer,2016,6,,,18,Nico Rosberg
Jolyon Palmer,2016,14,,,18,Nico Rosberg
Jolyon Palmer,2016,20,,,18,Nico Rosberg
Jolyon Palmer,2017,4,,,17,Lewis Hamilton
Pascal Wehrlein,2016,13,,,19,Nico Rosberg
Pascal Wehrlein,2016,19,,,19,Nico Rosberg
Pascal Wehrlein,2017,6,,,18,Lewis Hamilton
Pascal Wehrlein,2017,12,,,18,Lewis Hamilton
Pascal Wehrlein,2017,17,,,18,Lewis Hamilton
Rio Haryanto,2016,4,,,24,Nico Rosberg
Stoffel Vandoorne,2017,5,,,16,Lewis Hamilton
Stoffel Vandoorne,2017,6,,,16,Lewis Hamilton
Stoffel Vandoorne,2017,19,,,16,Lewis Hamilton
Stoffel Vandoorne,2018,9,15.0,-1.0,16,Lewis Hamilton
Esteban Ocon,2017,19,,,8,Lewis Hamilton
Esteban Ocon,2018,4,,,12,Lewis Hamilton
Esteban Ocon,2018,8,,,12,Lewis Hamilton
Esteban Ocon,2018,15,,,12,Lewis Hamilton
Esteban Ocon,2021,9,,,11,Max Verstappen
Esteban Ocon,2023,3,14.0,2.0,12,Max Verstappen
Esteban Ocon,2023,11,,,12,Max Verstappen
Esteban Ocon,2023,18,,,12,Max Verstappen
Esteban Ocon,2024,8,,,14,Max Verstappen
Esteban Ocon,2024,23,,,14,Max Verstappen
Lance Stroll,2017,2,,,12,Lewis Hamilton
Lance Stroll,2017,3,,,12,Lewis Hamilton
Lance Stroll,2018,7,,,18,Lewis Hamilton
Lance Stroll,2019,5,,,15,Lewis Hamilton
Lance Stroll,2020,10,,,11,Lewis Hamilton
Lance Stroll,2020,12,,,11,Lewis Hamilton
Lance Stroll,2020,15,,,11,Lewis Hamilton
Lance Stroll,2021,6,,,13,Max Verstappen
Lance Stroll,2021,11,,,13,Max Verstappen
Lance Stroll,2021,19,,,13,Max Verstappen
Lance Stroll,2022,19,,,15,Max Verstappen
Lance Stroll,2023,6,,,10,Max Verstappen
Lance Stroll,2023,19,17.0,7.0,10,Max Verstappen
Lance Stroll,2024,2,,,13,Max Verstappen
Lance Stroll,2024,23,,,13,Max Verstappen
Antonio Giovinazzi,2017,2,,,22,Lewis Hamilton
Antonio Giovinazzi,2019,13,18.0,1.0,17,Lewis Hamilton
Antonio Giovinazzi,2020,7,,,17,Lewis Hamilton
Antonio Giovinazzi,2020,9,,,17,Lewis Hamilton
Pierre Gasly,2018,5,,,15,Lewis Hamilton
Pierre Gasly,2018,8,,,15,Lewis Hamilton
Pierre Gasly,2019,11,14.0,7.0,7,Lewis Hamilton
Pierre Gasly,2020,9,,,10,Lewis Hamilton
Pierre Gasly,2021,8,,,9,Max Verstappen
Pierre Gasly,2022,10,,,14,Max Verstappen
Pierre Gasly,2023,3,13.0,2.0,11,Max Verstappen
Pierre Gasly,2023,10,18.0,7.0,11,Max Verstappen
Pierre Gasly,2023,11,,,11,Max Verstappen
Brendon Hartley,2018,3,20.0,1.0,19,Lewis Hamilton
Brendon Hartley,2018,6,,,19,Lewis Hamilton
Brendon Hartley,2018,7,,,19,Lewis Hamilton
Charles Leclerc,2018,6,,,13,Lewis Hamilton
Charles Leclerc,2018,13,,,13,Lewis Hamilton
Charles Leclerc,2018,18,,,13,Lewis Hamilton
Charles Leclerc,2019,6,,,4,Lewis Hamilton
Charles Leclerc,2019,11,,,4,Lewis Hamilton
Charles Leclerc,2019,20,18.0,14.0,4,Lewis Hamilton
Charles Leclerc,2020,2,,,8,Lewis Hamilton
Charles Leclerc,2020,8,,,8,Lewis Hamilton
Charles Leclerc,2020,16,,,8,Lewis Hamilton
Charles Leclerc,2021,11,,,7,Max Verstappen
Charles Leclerc,2022,12,,,2,Max Verstappen
Charles Leclerc,2023,3,,,5,Max Verstappen
Sergey Sirotkin,2018,4,,,20,Lewis Hamilton
Lando Norris,2019,3,18.0,7.0,11,Lewis Hamilton
Lando Norris,2019,5,,,11,Lewis Hamilton
Lando Norris,2021,11,,,6,Max Verstappen
Lando Norris,2022,5,,,7,Max Verstappen
Lando Norris,2023,21,,,6,Max Verstappen
George Russell,2019,15,,,20,Lewis Hamilton
George Russell,2020,11,,,18,Lewis Hamilton
George Russell,2020,13,,,18,Lewis Hamilton
George Russell,2021,2,,,15,Max Verstappen
George Russell,2021,21,,,15,Max Verstappen
George Russell,2022,10,,,4,Max Verstappen
George Russell,2023,15,16.0,8.0,8,Max Verstappen
George Russell,2024,3,17.0,11.0,6,Max Verstappen
Alexander Albon,2019,7,,,8,Lewis Hamilton
Alexander Albon,2022,2,14.0,-5.0,19,Max Verstappen
Alexander Albon,2022,10,,,19,Max Verstappen
Alexander Albon,2022,17,,,19,Max Verstappen
Alexander Albon,2023,3,,,13,Max Verstappen
Alexander Albon,2023,16,,,13,Max Verstappen
Alexander Albon,2023,20,,,13,Max Verstappen
Alexander Albon,2024,4,,,16,Max Verstappen
Alexander Albon,2024,9,,,16,Max Verstappen
Alexander Albon,2024,20,,,16,Max Verstappen
Nicholas Latifi,2020,9,,,21,Lewis Hamilton
Nicholas Latifi,2020,14,,,21,Lewis Hamilton
Nicholas Latifi,2021,2,,,17,Max Verstappen
Nicholas Latifi,2021,15,19.0,2.0,17,Max Verstappen
Nicholas Latifi,2021,22,,,17,Max Verstappen
Nicholas Latifi,2022,2,,,20,Max Verstappen
Nicholas Latifi,2022,12,,,20,Max Verstappen
Nicholas Latifi,2022,17,,,20,Max Verstappen
Nicholas Latifi,2022,22,19.0,-1.0,20,Max Verstappen
Yuki Tsunoda,2021,18,,,14,Max Verstappen
Yuki Tsunoda,2022,9,,,17,Max Verstappen
Yuki Tsunoda,2022,17,,,17,Max Verstappen
Yuki Tsunoda,2022,20,,,17,Max Verstappen
Yuki Tsunoda,2023,15,,,14,Max Verstappen
Yuki Tsunoda,2024,20,,,12,Max Verstappen
Nikita Mazepin,2021,11,,,21,Max Verstappen
Nikita Mazepin,2021,21,,,21,Max Verstappen
Mick Schumacher,2021,18,,,19,Max Verstappen
Mick Schumacher,2021,21,,,19,Max Verstappen
Mick Schumacher,2022,7,,,16,Max Verstappen
Guanyu Zhou,2022,10,,,18,Max Verstappen
Guanyu Zhou,2022,17,,,18,Max Verstappen
Guanyu Zhou,2023,13,,,18,Max Verstappen
Nyck de Vries,2023,3,15.0,-7.0,22,Max Verstappen
Nyck de Vries,2023,4,,,22,Max Verstappen
Oscar Piastri,2023,12,,,9,Max Verstappen
Logan Sargeant,2023,3,16.0,-5.0,21,Max Verstappen
Logan Sargeant,2023,13,,,21,Max Verstappen
Logan Sargeant,2023,16,,,21,Max Verstappen
Logan Sargeant,2024,6,,,23,Max Verstappen
Logan Sargeant,2024,9,,,23,Max Verstappen
Franco Colapinto,2024,21,,,19,Max Verstappen
Franco Colapinto,2024,23,,,19,Max Verstappen
